Title,Title_URL,Image,arow,asizemini,aoffscreen,arow2,acolumn,Field1,Text,Text1,Field2
,,,,,,,,,,,
"ASUS ROG Strix G16 (2025) Gaming Laptop, 16” FHD+ 16:10 165Hz/3ms, NVIDIA® GeForce RTX™ 5060, Intel® Core™ i7 Processor 14650HX, 16GB DDR5, 1TB Gen 4 SSD, Wi-Fi 7, Windows 11 Home, G615JMR-AS74",https://www.amazon.com/ASUS-ROG-Strix-Gaming-Laptop/dp/B0DZZWMB2L/ref=sr_1_1?crid=3LC9VL11Q1Y6Z&dib=eyJ2IjoiMSJ9.U2f6tF7U4FXBlufzzxuXjnv_GdNqW7CiSoYDvSuongDXJWA625NT4G_HcCMR46-_8bO8rQDLwftxYPs9ljScRM_SbL8_cN8VvuCkUgnOvSOoHzDcdKKiOcdz1oG0PnxfJTbvu8TzfUsLExe1ajxbM3g_sTV4ZqFymj-480Or8qxXeNsikJI5RdR6NG_pfV_r6WfgdZpalTD-kYdJcPz9f5qE1Z09Dq84ivovAw8Fsr4.ve32C26LJDBbbUmFYHkl1TTlVlSujzPtZELPqGRBN1w&dib_tag=se&keywords=gaming+laptops&qid=1789819786&sprefix=%2Caps%2C392&sr=8-1,https://m.media-amazon.com/images/I/81n1T4CYfmL._AC_UY218_.jpg,4.4,(589),"PKR 438,210.90","PKR 25,993.47 delivery Tue, Sep 29","Tue, Sep 29",,,,"ASUS
ROG Strix G16
16 inches
Eclipse Gray
1 TB
Core i7
16 GB
Windows 11 Home
ROG Nebula Display, Tri-Fan Technology
Dedicated"
"Acer Nitro V 16S AI Gaming Laptop | AMD Ryzen 7 260 Processor | NVIDIA GeForce RTX 5060 Laptop GPU (572 AI Tops) | 16"" WUXGA IPS 180Hz Display | 32GB DDR5 | 1TB Gen 4 SSD | Wi-Fi 6 | ANV16S-41-R2AJ",https://www.amazon.com/Gaming-Processor-GeForce-Display-ANV16S-41-R2AJ/dp/B0F195W823/ref=sr_1_2?crid=3LC9VL11Q1Y6Z&dib=eyJ2IjoiMSJ9.U2f6tF7U4FXBlufzzxuXjnv_GdNqW7CiSoYDvSuongDXJWA625NT4G_HcCMR46-_8bO8rQDLwftxYPs9ljScRM_SbL8_cN8VvuCkUgnOvSOoHzDcdKKiOcdz1oG0PnxfJTbvu8TzfUsLExe1ajxbM3g_sTV4ZqFymj-480Or8qxXeNsikJI5RdR6NG_pfV_r6WfgdZpalTD-kYdJcPz9f5qE1Z09Dq84ivovAw8Fsr4.ve32C26LJDBbbUmFYHkl1TTlVlSujzPtZELPqGRBN1w&dib_tag=se&keywords=gaming+laptops&qid=1789819786&sprefix=%2Caps%2C392&sr=8-2,https://m.media-amazon.com/images/I/71HHF2jUnpL._AC_UY218_.jpg,4.4,(341),"PKR 401,900.98","PKR 22,853.08 delivery Tue, Sep 29","Tue, Sep 29",,,,"Acer
Acer Nitro V 16S AI
16 inches
Black
1000 GB
Ryzen 7
32 GB
Windows 11 Home
Backlit Keyboard, Numeric Keypad
Dedicated"
"ASUS TUF A14 Gaming Laptop, AMD Ryzen AI Max+ 392, 32 GB LPDDR5X RAM, 1 TB PCIe SSD, 14"" WQXGA (2560x1440) 165Hz, AMD Radeon 8060S Graphics, Backlit Keyboard, W11 Pro, Jaeger Gray + Traix Mousepad",https://www.amazon.com/ASUS-2560x1440-Graphics-Keyboard-Mousepad/dp/B0HH57X1TK/ref=sr_1_3?crid=3LC9VL11Q1Y6Z&dib=eyJ2IjoiMSJ9.U2f6tF7U4FXBlufzzxuXjnv_GdNqW7CiSoYDvSuongDXJWA625NT4G_HcCMR46-_8bO8rQDLwftxYPs9ljScRM_SbL8_cN8VvuCkUgnOvSOoHzDcdKKiOcdz1oG0PnxfJTbvu8TzfUsLExe1ajxbM3g_sTV4ZqFymj-480Or8qxXeNsikJI5RdR6NG_pfV_r6WfgdZpalTD-kYdJcPz9f5qE1Z09Dq84ivovAw8Fsr4.ve32C26LJDBbbUmFYHkl1TTlVlSujzPtZELPqGRBN1w&dib_tag=se&keywords=gaming+laptops&qid=1789819786&sprefix=%2Caps%2C392&sr=8-3,https://m.media-amazon.com/images/I/716r0VDnTwL._AC_UY218_.jpg,,,3 capacities,,,,,,"ASUS
FA401EA-DS96H502
14 inches
Jaegar Gray
1 TB
Ryzen 9
32 GB
Windows 11 Pro
Backlit Keyboard
Integrated"
"FUNYET Gaming Laptop,Window 11 Pro Laptop Computer, 15.6 Inch Lap Top PC 2026, AMD Ryzen 7 6800H Processor,24GB DDR5 RAM 1TB SSD, FHD Display,WiFi 5,BT5.0,Backlit Keyboard,Office 365 for Business,Work",https://aax-us-east-retail-direct.amazon.com/x/c/JMCHTnhL8umEpbEe6Zu91EEAAAGguZKT-wEAAAH2AQBvbm9fdHhuX2JpZDUgICBvbm9fdHhuX2ltcDIgICDSp6fG/clv1c_ek-YxPHTIsbQDZHyXAN0czJZ7dkYWTHQfUUaNL7cqruFGncTbjpkfliEOcR9kvNTvVUBPapguj3PY9ROEQsgaQ_2Ry8nv82qkGiPYM8bkDvZpnENiqsPdq2-_-wnqpLx1wBjP8D4A0tk0Hy4rqF3fzkVlI9GgBTrhhSwzyt6wA6fGm0ZNOBszNEcl-b_N1nGsC8mdMxjtI9ROB-dt0bZ4JLPjd4-T4lX8If2YPGNbyYraQGxO2J9s5esvhU14A7h5_Yl4EdpIcG6Kr3Kycha2SO70PRA5M8_uBHO7EgwyIsEYUIz4Vjhe-5yLYcqCwLN38I1W8fZ-YCFL6BtUSWO6-b4awLn6t6FMLi9Vex3Sje_s6zFVwJBJPoCrh4tH2Q5RHYFtcHmeWivuZp41r2YCAWg-pcN9FEtEM3PpRUrIVDd8NOE5l1Tmn2cZ9vWdPRN6qFGJu2KaPU29D0vHOEqbHHKGDuvL58o1oe8ccNDurFOT29ZGrbIHPdo1mLzjdnjiQms24r7GJZgb593LDS8jNSt5nSbrjtAdMl5XIsTvBUP3XG4mcEsjPL7jcdUhhZp4Z0jvsynB5BhaAxEMQHoiqtYus2MWm93ol3CqcQPg6J21w8PBMwUSzYj54oIY1dEyg2Jr2QPz23VHj9YcgghGGk-rdUju9wKEPofff_Bc-wG43HXrMctUj64DkKPG0F3-gToJFIyC-ZTy6FSDLm9lDDqTmFOn56B8xvtyeBJQ7h7wwzRYku0-3kiQ8NvRAr33x8ttKaGBMYBftRFs6a2reDRWf-Sk6cE84F7px8izROGYVLqzvxvOMi2I2Dr3P8agJ5NwX2SXshVMCrTX_ADQ6u5l5q3xnkgsxoBc8BB39gco86RK9v4-84G7Cqq3-Wez9zv2GgoI8TEiQnPM6R0ZVpI1QCDinln_91YDU5MEdz3U3JL9oLUBiWK8f5XIaiVp_PYA_eZ90Ip0vpYJTQS3E2-N7oXgQsDMMia9Au_-9aJZuTwmXRPP9zXByseC5qqld5iRsg_oQqUyaHw3_NrB4qtkBxKDxXoIRrDnym-k-pWL6_fQ-B12NR7yZLH1sSKRbSKyzNqrOhZyFXPN03lJ54y2__GO34g6KLA4m_4mEHheO6hNn1oVVCoTJQ3v1uyH_OyJbMlNDBborpbux1kVphgh2Ip4W56T7dOX69MBDPuEk6LpXQ9d1DB4RiHbchDusWH8_fSV87B3nNPPnxts9t24GudJ3e59CMsGsdODcCVIYybQTtkyn9MnUleH926evLedghO2sXNQ3KeFkPjf1g7dVm09R07z4a7Z5AywO9oaFQWNAO3QrUp6de4cSdqlhT6WU7lYza1-qjPLSBKg8xSMhSMTkwMdxI0m0n8aSR-SB2bS0c2jn_BC6y_y4IlrfjDiv7EXgyjAnlg1t6550z0tHc9RGKsDCcTqztoCbbV0PYAPmGoEqwcSUU0GgBitHUsCiR_U94KYwcrJvQJDWMmGFPze4OePIhkVku4LJv2OnORQXVSQUWlTWr-UpRElXjE5bu5JH6ZJALZikM5kypAZMMpvhoK6lZwdNcP3Byvpm5Kf_Q0tBNn1J-7_CeGPrNKe4sRHzoOF6PhGNZ_yay4Ais4Qxfzmh7A1rA2nQiRYJh26shOhsNAIMQJ0O36_RemHxmEoqAE0m3M3n8gqEwoyw/https://www.amazon.com/FUNYET-Computer-Processor-Keyboard-Business/dp/B0H4JHNJ4V/ref=sxin_15_sbv_search_btf?content-id=amzn1.sym.a120b15e-b9f5-458c-b2ab-4fe23ec1befc%3Aamzn1.sym.a120b15e-b9f5-458c-b2ab-4fe23ec1befc&crid=3LC9VL11Q1Y6Z&cv_ct_cx=gaming+laptops&keywords=gaming+laptops&pd_rd_i=B0H4JHNJ4V&pd_rd_r=8add4ce2-b5e2-4bbd-b9a8-49698a5c6944&pd_rd_w=z6Ku0&pd_rd_wg=yoAue&pf_rd_p=a120b15e-b9f5-458c-b2ab-4fe23ec1befc&pf_rd_r=VZB2FV2SMZJTYGFZXGGY&qid=1789819786&sbo=9ZOMT9Jm0JH%2Ft%2BWi68iDSA%3D%3D&sprefix=%2Caps%2C392&sr=1-1-b8f34313-536f-475f-9207-a7c427a641c1,,4.4,(11),"PKR 188,476.23","PKR 19,036.38 delivery Tue, Sep 29","Tue, Sep 29","PKR235,595.98",,,
,,,,,,,,,,,
"KAIGERR Gaming Laptop, Laptop with AMD Ryzen 7430U(Up to 4.3GHz), 16GB DDR4 512GB SSD Laptop Computer, 1920P FHD Display, WiFi 6, USB3.2, Type_C, Webcam Cover Slide",https://www.amazon.com/KAIGERR-Gaming-Laptop-Computer-Display/dp/B0HFSB44KN/ref=sr_1_4?crid=3LC9VL11Q1Y6Z&dib=eyJ2IjoiMSJ9.U2f6tF7U4FXBlufzzxuXjnv_GdNqW7CiSoYDvSuongDXJWA625NT4G_HcCMR46-_8bO8rQDLwftxYPs9ljScRM_SbL8_cN8VvuCkUgnOvSOoHzDcdKKiOcdz1oG0PnxfJTbvu8TzfUsLExe1ajxbM3g_sTV4ZqFymj-480Or8qxXeNsikJI5RdR6NG_pfV_r6WfgdZpalTD-kYdJcPz9f5qE1Z09Dq84ivovAw8Fsr4.ve32C26LJDBbbUmFYHkl1TTlVlSujzPtZELPqGRBN1w&dib_tag=se&keywords=gaming+laptops&qid=1789819786&sprefix=%2Caps%2C392&sr=8-4,https://m.media-amazon.com/images/I/71kEunh4iBL._AC_UY218_.jpg,4.7,(18),"PKR 155,215.23","PKR 18,759.20 delivery Tue, Sep 29","Tue, Sep 29","PKR471,194.73",,,"KAIGERR
LX16PRO
16 inches
Sophisticated Grey
512 GB
AMD R Series
16 GB
Windows 11
Lightweight, Numeric Keypad
Integrated"
"Lenovo Legion 5 15IRX10 15.1"" WQXGA OLED, Gaming Laptop, Intel Core i9 14th Gen 14900HX 1.6GHz; NVIDIA GeForce RTX 5070 8GB GDDR7; 32GB DDR5 RAM; 1TB NVMe M.2 SSD; Gigabit LAN, 2x2 WiFi 7",https://www.amazon.com/Lenovo-Legion-15IRX10-14900HX-GeForce/dp/B0FHXGDZ5Q/ref=sr_1_5?crid=3LC9VL11Q1Y6Z&dib=eyJ2IjoiMSJ9.U2f6tF7U4FXBlufzzxuXjnv_GdNqW7CiSoYDvSuongDXJWA625NT4G_HcCMR46-_8bO8rQDLwftxYPs9ljScRM_SbL8_cN8VvuCkUgnOvSOoHzDcdKKiOcdz1oG0PnxfJTbvu8TzfUsLExe1ajxbM3g_sTV4ZqFymj-480Or8qxXeNsikJI5RdR6NG_pfV_r6WfgdZpalTD-kYdJcPz9f5qE1Z09Dq84ivovAw8Fsr4.ve32C26LJDBbbUmFYHkl1TTlVlSujzPtZELPqGRBN1w&dib_tag=se&keywords=gaming+laptops&qid=1789819786&sprefix=%2Caps%2C392&sr=8-5,https://m.media-amazon.com/images/I/61cE4bxZ4uL._AC_UY218_.jpg,4.3,(28),,,,,,,"Lenovo
Legion 5
15.1 inches
Black
1 TB
Intel Core i9
32 GB
Windows 11 Home
RGB Backlight
Dedicated"
"18.5 Inch Gaming Laptop with 7000 mAh Battery,AMD Ryzen 7430U UP to 4.3GHZ",https://www.amazon.com/Gaming-Laptop-Battery-Ryzen-4-3GHZ/dp/B0HF3J55CY/ref=sr_1_6?crid=3LC9VL11Q1Y6Z&dib=eyJ2IjoiMSJ9.U2f6tF7U4FXBlufzzxuXjnv_GdNqW7CiSoYDvSuongDXJWA625NT4G_HcCMR46-_8bO8rQDLwftxYPs9ljScRM_SbL8_cN8VvuCkUgnOvSOoHzDcdKKiOcdz1oG0PnxfJTbvu8TzfUsLExe1ajxbM3g_sTV4ZqFymj-480Or8qxXeNsikJI5RdR6NG_pfV_r6WfgdZpalTD-kYdJcPz9f5qE1Z09Dq84ivovAw8Fsr4.ve32C26LJDBbbUmFYHkl1TTlVlSujzPtZELPqGRBN1w&dib_tag=se&keywords=gaming+laptops&qid=1789819786&sprefix=%2Caps%2C392&sr=8-6,https://m.media-amazon.com/images/I/715V4VP-nfL._AC_UY218_.jpg,4.8,(18),"PKR 182,655.55","PKR 21,996.61 delivery Tue, Sep 29","Tue, Sep 29","PKR443,477.23",,,"MALLRACE
AX18-7430U
18.5 inches
Matte Grey
512 GB
Ryzen 5
16 GB
Windows 11
18.5 inch laptop, 7000mAh Large Battery, AMD Ryzen 7430U, HD Audio, Memory Card Slot
Integrated"
"KAIGERR Gaming Laptop, 24GB DDR5 512GB NVMe SSD Laptop Computer with AMD Ryzen 7 H255(8C/16T, Up to 4.9GHz), 16.0 inch Windows 11 Laptop, Radeon RX Vega 8 Graphics,WiFi 6, Backlit KB",https://www.amazon.com/KAIGERR-Computer-Windows-Graphics-Backlit/dp/B0HF7XD4VY/ref=sr_1_7?crid=3LC9VL11Q1Y6Z&dib=eyJ2IjoiMSJ9.U2f6tF7U4FXBlufzzxuXjnv_GdNqW7CiSoYDvSuongDXJWA625NT4G_HcCMR46-_8bO8rQDLwftxYPs9ljScRM_SbL8_cN8VvuCkUgnOvSOoHzDcdKKiOcdz1oG0PnxfJTbvu8TzfUsLExe1ajxbM3g_sTV4ZqFymj-480Or8qxXeNsikJI5RdR6NG_pfV_r6WfgdZpalTD-kYdJcPz9f5qE1Z09Dq84ivovAw8Fsr4.ve32C26LJDBbbUmFYHkl1TTlVlSujzPtZELPqGRBN1w&dib_tag=se&keywords=gaming+laptops&qid=1789819786&sprefix=%2Caps%2C392&sr=8-7,https://m.media-amazon.com/images/I/81m-bBjxVcL._AC_UY218_.jpg,3.9,(26),"PKR 526,629.73","PKR 19,244.26 delivery Tue, Sep 29","Tue, Sep 29",,,,"KAIGERR
S16
16 inches
Newest Grey
512 GB
AMD Ryzen 7
24 GB
Windows 11
Backlit Keyboard, High Performance, Lightweight, Numeric Keypad
Integrated"
"msi Vector 16 HX AI 16"" 240Hz QHD+ Gaming Laptop, AMD Ryzen 9 8940HX, NVIDIA Geforce RTX 5070Ti 12GB GDDR7, 32GB DDR5 RAM, 1TB SSD, Thunderbolt 4, Wi-Fi 7, RGB Backlit, Win 11, w/1TB Portable HDD",https://www.amazon.com/msi-Geforce-Thunderbolt-Backlit-Portable/dp/B0H5BJP95X/ref=sr_1_8?crid=3LC9VL11Q1Y6Z&dib=eyJ2IjoiMSJ9.U2f6tF7U4FXBlufzzxuXjnv_GdNqW7CiSoYDvSuongDXJWA625NT4G_HcCMR46-_8bO8rQDLwftxYPs9ljScRM_SbL8_cN8VvuCkUgnOvSOoHzDcdKKiOcdz1oG0PnxfJTbvu8TzfUsLExe1ajxbM3g_sTV4ZqFymj-480Or8qxXeNsikJI5RdR6NG_pfV_r6WfgdZpalTD-kYdJcPz9f5qE1Z09Dq84ivovAw8Fsr4.ve32C26LJDBbbUmFYHkl1TTlVlSujzPtZELPqGRBN1w&dib_tag=se&keywords=gaming+laptops&qid=1789819786&sprefix=%2Caps%2C392&sr=8-8,https://m.media-amazon.com/images/I/71g-84s1JqL._AC_UY218_.jpg,5.0,(9),,,,,,,"msi
Vector A16 HX
16 inches
Gray
1 TB
Ryzen 9
32 GB
Windows 11 Home
Backlit Keyboard, Memory Card Slot
Dedicated"
"ASUS ROG Strix G16 (2025) Gaming Laptop, 16” ROG Nebula 16:10 2.5K 240Hz/3ms, NVIDIA® GeForce RTX™ 5070 Ti, Intel® Core™ Ultra 9 Processor 275HX, 32GB DDR5, 1TB SSD, Wi-Fi 7, Win11 Home, G615LR-AS96",https://www.amazon.com/ASUS-Gaming-Laptop-Nebula-Display/dp/B0DW1X5YCQ/ref=sr_1_9?crid=3LC9VL11Q1Y6Z&dib=eyJ2IjoiMSJ9.U2f6tF7U4FXBlufzzxuXjnv_GdNqW7CiSoYDvSuongDXJWA625NT4G_HcCMR46-_8bO8rQDLwftxYPs9ljScRM_SbL8_cN8VvuCkUgnOvSOoHzDcdKKiOcdz1oG0PnxfJTbvu8TzfUsLExe1ajxbM3g_sTV4ZqFymj-480Or8qxXeNsikJI5RdR6NG_pfV_r6WfgdZpalTD-kYdJcPz9f5qE1Z09Dq84ivovAw8Fsr4.ve32C26LJDBbbUmFYHkl1TTlVlSujzPtZELPqGRBN1w&dib_tag=se&keywords=gaming+laptops&qid=1789819786&sprefix=%2Caps%2C392&sr=8-9,https://m.media-amazon.com/images/I/71WH7jtyWpL._AC_UY218_.jpg,4.3,(225),"PKR 706,513.53","PKR 25,882.60 delivery Tue, Sep 29","Tue, Sep 29",,,,"ASUS
ROG Strix G16
16 inches
Black
1000 GB
Intel Core Ultra 9
32 GB
Windows 11 Home
Backlit Keyboard
Dedicated"
"Razer Blade 16 (2026) Gaming Laptop, RTX 5070 Ti, 32GB DDR5, 1TB, Black",https://www.amazon.com/Razer-Blade-Gaming-Laptop-Black/dp/B0H31TTZJT/ref=sr_1_10?crid=3LC9VL11Q1Y6Z&dib=eyJ2IjoiMSJ9.U2f6tF7U4FXBlufzzxuXjnv_GdNqW7CiSoYDvSuongDXJWA625NT4G_HcCMR46-_8bO8rQDLwftxYPs9ljScRM_SbL8_cN8VvuCkUgnOvSOoHzDcdKKiOcdz1oG0PnxfJTbvu8TzfUsLExe1ajxbM3g_sTV4ZqFymj-480Or8qxXeNsikJI5RdR6NG_pfV_r6WfgdZpalTD-kYdJcPz9f5qE1Z09Dq84ivovAw8Fsr4.ve32C26LJDBbbUmFYHkl1TTlVlSujzPtZELPqGRBN1w&dib_tag=se&keywords=gaming+laptops&qid=1789819786&sprefix=%2Caps%2C392&sr=8-10,https://m.media-amazon.com/images/I/719SQ1o+TSL._AC_UY218_.jpg,5.0,(2),"PKR 970,109.73","PKR 24,225.10 delivery Sep 28 - 29",Sep 28 - 29,,,,"Razer
Blade 16
16 inches
Black
1 TB
Core i9
32 GB
Windows 11 Home
Intel NPU, Vapor Chamber Cooling, Windows Hello, Wi-Fi 7, 90 WHr, CNC Milled Aluminum, THX Spatial Audio, Pluton Security Processor, Kensington Security Slot, TPM 2.0, Anodized Black Finish, Thunderbolt 5 and Thunderbolt 4 Ready
Intel NPU, Vapor Chamber Cooling, Windows Hello, Wi-Fi 7, 90 WHr, CNC Milled Aluminum, THX Spatial Audio, Pluton Security Processor, Kensington Security Slot, T… 
RTX 5070 Ti"
"ASUS ROG Strix G16 Gaming Laptop, 16” 16:10 FHD+ 165Hz/3ms, NVIDIA GeForce RTX 5050 Laptop GPU, Intel Core i5 Processor 14450HX, 16GB DDR5-5600, 512GB PCIe Gen 4 SSD, Wi-Fi 7, Win11 Home, G615JHR-DS53",https://www.amazon.com/ASUS-ROG-Strix-Gaming-Laptop/dp/B0H42CV8H7/ref=sr_1_11?crid=3LC9VL11Q1Y6Z&dib=eyJ2IjoiMSJ9.U2f6tF7U4FXBlufzzxuXjnv_GdNqW7CiSoYDvSuongDXJWA625NT4G_HcCMR46-_8bO8rQDLwftxYPs9ljScRM_SbL8_cN8VvuCkUgnOvSOoHzDcdKKiOcdz1oG0PnxfJTbvu8TzfUsLExe1ajxbM3g_sTV4ZqFymj-480Or8qxXeNsikJI5RdR6NG_pfV_r6WfgdZpalTD-kYdJcPz9f5qE1Z09Dq84ivovAw8Fsr4.ve32C26LJDBbbUmFYHkl1TTlVlSujzPtZELPqGRBN1w&dib_tag=se&keywords=gaming+laptops&qid=1789819786&sprefix=%2Caps%2C392&sr=8-11,https://m.media-amazon.com/images/I/81MIF+hN13L._AC_UY218_.jpg,,,"PKR 360,324.73","PKR 27,434.78 delivery Tue, Sep 29","Tue, Sep 29",,,,"ASUS
G615JHR-DS53
16 inches
Eclipse Gray
512 GB
Core i5
16 GB
Windows 11 Home
Anti Glare Coating, Backlit Keyboard, Wifi
Dedicated"
"MALLRACE Gaming Laptop,16GB RAM 512GB SSD Laptop Computer with Numeric KB,AMD Ryzen 5 7430U (Beat Intel i7-1255,up to 4.3GHz), Radeon Graphics,15.6inch FHD Display AMD Laptop,Type_C,WiFi 6",https://www.amazon.com/MALLRACE-Computer-Numeric-Graphics-15-6inch/dp/B0HFQSZZ26/ref=sr_1_12?crid=3LC9VL11Q1Y6Z&dib=eyJ2IjoiMSJ9.U2f6tF7U4FXBlufzzxuXjnv_GdNqW7CiSoYDvSuongDXJWA625NT4G_HcCMR46-_8bO8rQDLwftxYPs9ljScRM_SbL8_cN8VvuCkUgnOvSOoHzDcdKKiOcdz1oG0PnxfJTbvu8TzfUsLExe1ajxbM3g_sTV4ZqFymj-480Or8qxXeNsikJI5RdR6NG_pfV_r6WfgdZpalTD-kYdJcPz9f5qE1Z09Dq84ivovAw8Fsr4.ve32C26LJDBbbUmFYHkl1TTlVlSujzPtZELPqGRBN1w&dib_tag=se&keywords=gaming+laptops&qid=1789819786&sprefix=%2Caps%2C392&sr=8-12,https://m.media-amazon.com/images/I/71+KUy76p5L._AC_UY218_.jpg,4.5,(20),"PKR 138,584.73","PKR 18,415.51 delivery Tue, Sep 29","Tue, Sep 29","PKR235,595.98",,,"MALLRACE
LX15PRO
15.6 inches
Matte Grey
512 GB
Ryzen 5
16 GB
Windows 11 Pro
Lightweight, Numeric Keypad
AMD Radeon™ Graphics"
"KAIGERR Gaming Laptop with AMD Ryzen 7430U(Up to 4.3GHz), 16GB DDR4 512GB SSD Laptop Computer, 1920P FHD Display, WiFi 6, USB3.2, Type_C, Webcam Cover Slide",https://www.amazon.com/KAIGERR-Gaming-Laptop-Computer-Display/dp/B0H93H8V7J/ref=sr_1_13?crid=3LC9VL11Q1Y6Z&dib=eyJ2IjoiMSJ9.U2f6tF7U4FXBlufzzxuXjnv_GdNqW7CiSoYDvSuongDXJWA625NT4G_HcCMR46-_8bO8rQDLwftxYPs9ljScRM_SbL8_cN8VvuCkUgnOvSOoHzDcdKKiOcdz1oG0PnxfJTbvu8TzfUsLExe1ajxbM3g_sTV4ZqFymj-480Or8qxXeNsikJI5RdR6NG_pfV_r6WfgdZpalTD-kYdJcPz9f5qE1Z09Dq84ivovAw8Fsr4.ve32C26LJDBbbUmFYHkl1TTlVlSujzPtZELPqGRBN1w&dib_tag=se&keywords=gaming+laptops&qid=1789819786&sprefix=%2Caps%2C392&sr=8-13,https://m.media-amazon.com/images/I/71yhKclypqL._AC_UY218_.jpg,5.0,(13),"PKR 260,541.73","PKR 18,759.20 delivery Tue, Sep 29","Tue, Sep 29",,,,"KAIGERR
LX16PRO
16 inches
Sophisticated Grey
512 GB
AMD R Series
16 GB
Windows 11
Lightweight, Numeric Keypad
Integrated"
"NIMO 15.6"" IPS FHD-Light Gaming-Laptop,AMD Ryzen 5 6600H 16GB DDR5 RAM 256GB SSD (Beat i5-1335U, 6 Cores Up to 4.5GHz) AMD Radeon 660M GPU-Computer with 100W Type-C Backlit Keyboard Fingerprint",https://www.amazon.com/NIMO-FHD-Light-Gaming-Laptop-GPU-Computer-Fingerprint/dp/B0GMWSZFR2/ref=sr_1_14?crid=3LC9VL11Q1Y6Z&dib=eyJ2IjoiMSJ9.U2f6tF7U4FXBlufzzxuXjnv_GdNqW7CiSoYDvSuongDXJWA625NT4G_HcCMR46-_8bO8rQDLwftxYPs9ljScRM_SbL8_cN8VvuCkUgnOvSOoHzDcdKKiOcdz1oG0PnxfJTbvu8TzfUsLExe1ajxbM3g_sTV4ZqFymj-480Or8qxXeNsikJI5RdR6NG_pfV_r6WfgdZpalTD-kYdJcPz9f5qE1Z09Dq84ivovAw8Fsr4.ve32C26LJDBbbUmFYHkl1TTlVlSujzPtZELPqGRBN1w&dib_tag=se&keywords=gaming+laptops&qid=1789819786&sprefix=%2Caps%2C392&sr=8-14,https://m.media-amazon.com/images/I/71x6QOG+e8L._AC_UY218_.jpg,4.4,(18),,,,,,,"NIMO
NIMO N153
15.6 inches
Gray
256 GB
Ryzen 5
16 GB
Windows 11
Backlit Keyboard, Fingerprint Reader, HD Audio, Numeric Keypad
Dedicated"
,,,,,,,,,,,
,,,,,,,,,,,
"Acer Nitro V Gaming Laptop | Intel Core 5 Processor 210H | NVIDIA GeForce RTX 5050 Laptop GPU | 16"" WUXGA IPS 165Hz Display | 8GB DDR5 | 512GB Gen 4 SSD | Wi-Fi 6 | Backlit Keyboard | ANV16-I31-54PT",https://www.amazon.com/sspa/click?ie=UTF8&spc=MToxMDM2NjU2NzcwMzIwNDU2OjE3ODk4MTk4ODc6c3BfYXRmX25leHQ6MzAxMzUxMjExOTI2ODAyOjowOjo&url=%2FAcer-Processor-GeForce-Keyboard-ANV16-I31-54PT%2Fdp%2FB0CJCNL315%2Fref%3Dsr_1_17_sspa%3Fcrid%3D3LC9VL11Q1Y6Z%26dib%3DeyJ2IjoiMSJ9.ugoRDgk6CPUHAO-vuB2wI78pO390UDdb6RIU-aabDt5oU4otZYiGUnN6i_3bTOJjtcS38F6V6MAp5orniGxaedyNOGAYlDK7d99c9ucqP2kacaNCFHiHGfY9UEeOjwzul9iF8cSC9UucU8Gs5GLNy7FQ0V8OzIpdhNU--RElP62tW8GL2hHkxWv1CovRPUE2ikPC0MLd9pFvg58mnuxLOGLRhpXKRp64sVad5ICo7pE.-xmc_AxVrBglQX_RvSgqSLCabFYrz8FXomxgbbeGO4o%26dib_tag%3Dse%26keywords%3Dgaming%2Blaptops%26qid%3D1789819887%26sprefix%3D%252Caps%252C392%26sr%3D8-17-spons%26xpid%3DMMcXVFo9VX50C%26sp_csd%3Dd2lkZ2V0TmFtZT1zcF9hdGZfbmV4dA%26psc%3D1,https://m.media-amazon.com/images/I/71iSm+PbylL._AC_UY218_.jpg,3.7,(4),"PKR 374,183.48","PKR 20,488.78 delivery Tue, Sep 29","Tue, Sep 29",,,,
"Samsung Galaxy Book6 Enterprise Edition 16.0"", Intel® Core™ Ultra 7 355",https://www.amazon.com/sspa/click?ie=UTF8&spc=MToxMDM2NjU2NzcwMzIwNDU2OjE3ODk4MTk4ODc6c3BfYXRmX25leHQ6MzAxNDgzNDI4NDY3MjAyOjowOjo&url=%2FSamsung-Galaxy-Enterprise-Intel%25C2%25AE-CoreTM%2Fdp%2FB0H1D8Y6K6%2Fref%3Dsr_1_18_sspa%3Fcrid%3D3LC9VL11Q1Y6Z%26dib%3DeyJ2IjoiMSJ9.ugoRDgk6CPUHAO-vuB2wI78pO390UDdb6RIU-aabDt5oU4otZYiGUnN6i_3bTOJjtcS38F6V6MAp5orniGxaedyNOGAYlDK7d99c9ucqP2kacaNCFHiHGfY9UEeOjwzul9iF8cSC9UucU8Gs5GLNy7FQ0V8OzIpdhNU--RElP62tW8GL2hHkxWv1CovRPUE2ikPC0MLd9pFvg58mnuxLOGLRhpXKRp64sVad5ICo7pE.-xmc_AxVrBglQX_RvSgqSLCabFYrz8FXomxgbbeGO4o%26dib_tag%3Dse%26keywords%3Dgaming%2Blaptops%26qid%3D1789819887%26sprefix%3D%252Caps%252C392%26sr%3D8-18-spons%26xpid%3DMMcXVFo9VX50C%26sp_csd%3Dd2lkZ2V0TmFtZT1zcF9hdGZfbmV4dA%26psc%3D1,https://m.media-amazon.com/images/I/61-I9ls9TuL._AC_UY218_.jpg,,,2 capacities,"PKR 19,244.26 delivery Tue, Sep 29","Tue, Sep 29",,,,
"msi Cyborg 17 17.3"" FHD 144Hz Gaming Laptop: Intel Core 7-240H, NVIDIA Geforce RTX 5060, 16GB DDR5, 1TB NVMe SSD, Type C, Wi-Fi 6E, Win 11 Home: Translucent Black B2RWFKG-074US",https://www.amazon.com/msi-Cyborg-144Hz-Gaming-Laptop/dp/B0FSGJZDNT/ref=sr_1_19?crid=3LC9VL11Q1Y6Z&dib=eyJ2IjoiMSJ9.ugoRDgk6CPUHAO-vuB2wI78pO390UDdb6RIU-aabDt5oU4otZYiGUnN6i_3bTOJjtcS38F6V6MAp5orniGxaedyNOGAYlDK7d99c9ucqP2kacaNCFHiHGfY9UEeOjwzul9iF8cSC9UucU8Gs5GLNy7FQ0V8OzIpdhNU--RElP62tW8GL2hHkxWv1CovRPUE2ikPC0MLd9pFvg58mnuxLOGLRhpXKRp64sVad5ICo7pE.-xmc_AxVrBglQX_RvSgqSLCabFYrz8FXomxgbbeGO4o&dib_tag=se&keywords=gaming+laptops&qid=1789819887&sprefix=%2Caps%2C392&sr=8-19&xpid=MMcXVFo9VX50C,https://m.media-amazon.com/images/I/71eJzm2Rj7L._AC_UY218_.jpg,4.3,(41),2 capacities,"PKR 24,197.38 delivery Tue, Sep 29","Tue, Sep 29",,,,"msi
Cyborg 17 B2RWFKG-074US
17.3 inches
Black
1 TB
Intel Core 7
16 GB
Windows 11 Home
Backlit Keyboard
Dedicated"
"ASUS TUF Gaming A16 Laptop: AMD Ryzen 7 7445HS, 16"" Full HD+ 145Hz Display, NVIDIA GeForce RTX 4050, 16GB DDR5 RAM, 512GB SSD, Backlit Keyboard, Windows 11",https://www.amazon.com/ASUS-TUF-Gaming-A16-Laptop/dp/B0FV4B883Y/ref=sr_1_20?crid=3LC9VL11Q1Y6Z&dib=eyJ2IjoiMSJ9.ugoRDgk6CPUHAO-vuB2wI78pO390UDdb6RIU-aabDt5oU4otZYiGUnN6i_3bTOJjtcS38F6V6MAp5orniGxaedyNOGAYlDK7d99c9ucqP2kacaNCFHiHGfY9UEeOjwzul9iF8cSC9UucU8Gs5GLNy7FQ0V8OzIpdhNU--RElP62tW8GL2hHkxWv1CovRPUE2ikPC0MLd9pFvg58mnuxLOGLRhpXKRp64sVad5ICo7pE.-xmc_AxVrBglQX_RvSgqSLCabFYrz8FXomxgbbeGO4o&dib_tag=se&keywords=gaming+laptops&qid=1789819887&sprefix=%2Caps%2C392&sr=8-20&xpid=MMcXVFo9VX50C,https://m.media-amazon.com/images/I/61WVG2Fd76L._AC_UY218_.jpg,4.5,(170),,,,,,,"ASUS
TUF Gaming A16
16 inches
Gray
512 GB
AMD Ryzen 7
16 GB
Windows 11 Home
Anti Glare Coating, HD Audio, Spill Resistant, TrackPoint
Dedicated"
"Light Gaming Laptop, ΑΜD Ryzen 7430U (Up to 4.3GHz), 16GB RAM 512GB SSD",https://www.amazon.com/Light-Gaming-Laptop-Ryzen-4-3GHz/dp/B0H6B6NH9Y/ref=sr_1_21?crid=3LC9VL11Q1Y6Z&dib=eyJ2IjoiMSJ9.ugoRDgk6CPUHAO-vuB2wI78pO390UDdb6RIU-aabDt5oU4otZYiGUnN6i_3bTOJjtcS38F6V6MAp5orniGxaedyNOGAYlDK7d99c9ucqP2kacaNCFHiHGfY9UEeOjwzul9iF8cSC9UucU8Gs5GLNy7FQ0V8OzIpdhNU--RElP62tW8GL2hHkxWv1CovRPUE2ikPC0MLd9pFvg58mnuxLOGLRhpXKRp64sVad5ICo7pE.-xmc_AxVrBglQX_RvSgqSLCabFYrz8FXomxgbbeGO4o&dib_tag=se&keywords=gaming+laptops&qid=1789819887&sprefix=%2Caps%2C392&sr=8-21&xpid=MMcXVFo9VX50C,https://m.media-amazon.com/images/I/71D4xomw-wL._AC_UY218_.jpg,4.6,(16),"PKR 163,524.93","PKR 18,554.09 delivery Tue, Sep 29","Tue, Sep 29","PKR268,856.98",,,"KAIGERR
LX15PRO
15.6 inches
Nice Medium Gray
512 GB
Ryzen 5
16 GB
Windows 11 Pro
laptop, laptop computer, light gaming laptop
Integrated"
,https://www.amazon.com/sspa/click?ie=UTF8&spc=MToxMzE5NjY3MjExMDI2NjY0OjE3ODk4MTk4ODg6c3Bfc2VhcmNoX3RoZW1hdGljOjMwMTUzMzk0OTYyOTkwMjo6MDo6&url=%2FGaming-Laptop-Battery-Ryzen-4-3GHZ%2Fdp%2FB0HF3J55CY%2Fref%3Dsxin_12_pa_sp_search_thematic_sspa%3Fcontent-id%3Damzn1.sym.e340328d-0880-4832-9811-a14f6080b131%253Aamzn1.sym.e340328d-0880-4832-9811-a14f6080b131%26crid%3D3LC9VL11Q1Y6Z%26cv_ct_cx%3Dgaming%2Blaptops%26keywords%3Dgaming%2Blaptops%26pd_rd_i%3DB0HF3J55CY%26pd_rd_r%3D8cb391e8-f825-4507-a39a-e8fb2ba336ff%26pd_rd_w%3DJRqsM%26pd_rd_wg%3DZG9UM%26pf_rd_p%3De340328d-0880-4832-9811-a14f6080b131%26pf_rd_r%3DWWP4F11RP569E3J953MC%26qid%3D1789819887%26sbo%3DRZvfv%252F%252FHxDF%252BO5021pAnSA%253D%253D%26sprefix%3D%252Caps%252C392%26sr%3D1-17-f853d353-bf33-45e7-b5c2-2cb2b31abc9b-spons%26xpid%3DMMcXVFo9VX50C%26aref%3DRoCnsOeIOV%26sp_csd%3Dd2lkZ2V0TmFtZT1zcF9zZWFyY2hfdGhlbWF0aWM%26psc%3D1&aref=RoCnsOeIOV,,4.8,(18),"PKR 182,655.55","PKR 21,996.61 delivery Tue, Sep 29","Tue, Sep 29","PKR443,477.23",,,
,,,,,,,,,,,
"HP Omen 16 16"" AMD Ryzen AI 7 350 RTX 5060 Gaming Laptop, 32GB DDR5 1TB SSD",https://www.amazon.com/HP-Omen-Ryzen-Gaming-Laptop/dp/B0H83L938H/ref=sr_1_22?crid=3LC9VL11Q1Y6Z&dib=eyJ2IjoiMSJ9.ugoRDgk6CPUHAO-vuB2wI78pO390UDdb6RIU-aabDt5oU4otZYiGUnN6i_3bTOJjtcS38F6V6MAp5orniGxaedyNOGAYlDK7d99c9ucqP2kacaNCFHiHGfY9UEeOjwzul9iF8cSC9UucU8Gs5GLNy7FQ0V8OzIpdhNU--RElP62tW8GL2hHkxWv1CovRPUE2ikPC0MLd9pFvg58mnuxLOGLRhpXKRp64sVad5ICo7pE.-xmc_AxVrBglQX_RvSgqSLCabFYrz8FXomxgbbeGO4o&dib_tag=se&keywords=gaming+laptops&qid=1789819887&sprefix=%2Caps%2C392&sr=8-22&xpid=MMcXVFo9VX50C,https://m.media-amazon.com/images/I/71051XlNymL._AC_UY218_.jpg,4.5,(14),,,,,,,"HP
TPN-Q305
16 inches
Black
1 TB
AMD R Series
32 GB
Windows 11 Home
Backlit Keyboard, Numeric Keypad
Dedicated"
"msi Vector A18 HX 18” 240Hz QHD+ Gaming Laptop: AMD Ryzen 9-9955HX, NVIDIA Geforce RTX 5080, 32GB DDR5, 1TB NVMe SSD, Type C, Wi-Fi 7, Win 11 Home: Cosmo Gray A9WIG-065US",https://www.amazon.com/MSI-Vector-240Hz-Gaming-Laptop/dp/B0DVDGRP1X/ref=sr_1_23?crid=3LC9VL11Q1Y6Z&dib=eyJ2IjoiMSJ9.ugoRDgk6CPUHAO-vuB2wI78pO390UDdb6RIU-aabDt5oU4otZYiGUnN6i_3bTOJjtcS38F6V6MAp5orniGxaedyNOGAYlDK7d99c9ucqP2kacaNCFHiHGfY9UEeOjwzul9iF8cSC9UucU8Gs5GLNy7FQ0V8OzIpdhNU--RElP62tW8GL2hHkxWv1CovRPUE2ikPC0MLd9pFvg58mnuxLOGLRhpXKRp64sVad5ICo7pE.-xmc_AxVrBglQX_RvSgqSLCabFYrz8FXomxgbbeGO4o&dib_tag=se&keywords=gaming+laptops&qid=1789819887&sprefix=%2Caps%2C392&sr=8-23&xpid=MMcXVFo9VX50C,https://m.media-amazon.com/images/I/71wEDLLi83L._AC_UY218_.jpg,3.8,(27),"PKR 748,369.73","PKR 31,830.78 delivery",,,,,"msi
Vector A18 HX A9WIG-065US
18 inches
Gray
1 TB
Ryzen 9
32 GB
Windows 11 Home
Backlit Keyboard, Fingerprint Reader
RTX 5080"
"msi Thin 15 15.6” 144Hz FHD Gaming Laptop: Intel Core i7-13620H, NVIDIA Geforce RTX 4050, 16GB DDR4, 512GB NVMe SSD, WiFi 6E, Win 11: Black B13VE-2678US",https://www.amazon.com/MSI-Thin-144Hz-Gaming-Laptop/dp/B0DJB25PF7/ref=sr_1_24?crid=3LC9VL11Q1Y6Z&dib=eyJ2IjoiMSJ9.ugoRDgk6CPUHAO-vuB2wI78pO390UDdb6RIU-aabDt5oU4otZYiGUnN6i_3bTOJjtcS38F6V6MAp5orniGxaedyNOGAYlDK7d99c9ucqP2kacaNCFHiHGfY9UEeOjwzul9iF8cSC9UucU8Gs5GLNy7FQ0V8OzIpdhNU--RElP62tW8GL2hHkxWv1CovRPUE2ikPC0MLd9pFvg58mnuxLOGLRhpXKRp64sVad5ICo7pE.-xmc_AxVrBglQX_RvSgqSLCabFYrz8FXomxgbbeGO4o&dib_tag=se&keywords=gaming+laptops&qid=1789819887&sprefix=%2Caps%2C392&sr=8-24&xpid=MMcXVFo9VX50C,https://m.media-amazon.com/images/I/71MfZpnDWRL._AC_UY218_.jpg,4.4,(182),4 capacities,,,,,,"msi
B13VE-2678US
15.6 inches
Black
512 GB
Core i7
16 GB
Windows 11 Home
Backlit Keyboard, HD Audio
RTX 4050"
"NIMO 17.3"" Gaming Laptop 32GB DDR5 RAM 1TB SSD, AMD Ryzen 5 6600H, Win 11",https://www.amazon.com/NIMO-Gaming-Laptop-Ryzen-6600H/dp/B0HFZJB8FG/ref=sr_1_25?crid=3LC9VL11Q1Y6Z&dib=eyJ2IjoiMSJ9.ugoRDgk6CPUHAO-vuB2wI78pO390UDdb6RIU-aabDt5oU4otZYiGUnN6i_3bTOJjtcS38F6V6MAp5orniGxaedyNOGAYlDK7d99c9ucqP2kacaNCFHiHGfY9UEeOjwzul9iF8cSC9UucU8Gs5GLNy7FQ0V8OzIpdhNU--RElP62tW8GL2hHkxWv1CovRPUE2ikPC0MLd9pFvg58mnuxLOGLRhpXKRp64sVad5ICo7pE.-xmc_AxVrBglQX_RvSgqSLCabFYrz8FXomxgbbeGO4o&dib_tag=se&keywords=gaming+laptops&qid=1789819887&sprefix=%2Caps%2C392&sr=8-25&xpid=MMcXVFo9VX50C,https://m.media-amazon.com/images/I/71VNQpq6qoL._AC_UY218_.jpg,4.6,(22),,,,,,,"NIMO
NIMO N173
17.3 inches
Blue
1024 GB
Ryzen 5
32 GB
Windows 11
Backlit Keyboard, Fingerprint Reader, HD Audio, Numeric Keypad
Integrated"
"NIMO 17.3"" Gaming Laptop, AMD Ryzen 9 8945HS (8C/16T, Up to 5.2GHz), 32GB DDR5 RAM 1TB SSD, Radeon 780M Graphics, 100W PD Fast Charge, Fingerprint, AI-Powered Business & Gaming PC, Win 11",https://www.amazon.com/NIMO-Graphics-Fingerprint-AI-Powered-Business/dp/B0H339CXZ2/ref=sr_1_26?crid=3LC9VL11Q1Y6Z&dib=eyJ2IjoiMSJ9.ugoRDgk6CPUHAO-vuB2wI78pO390UDdb6RIU-aabDt5oU4otZYiGUnN6i_3bTOJjtcS38F6V6MAp5orniGxaedyNOGAYlDK7d99c9ucqP2kacaNCFHiHGfY9UEeOjwzul9iF8cSC9UucU8Gs5GLNy7FQ0V8OzIpdhNU--RElP62tW8GL2hHkxWv1CovRPUE2ikPC0MLd9pFvg58mnuxLOGLRhpXKRp64sVad5ICo7pE.-xmc_AxVrBglQX_RvSgqSLCabFYrz8FXomxgbbeGO4o&dib_tag=se&keywords=gaming+laptops&qid=1789819887&sprefix=%2Caps%2C392&sr=8-26&xpid=MMcXVFo9VX50C,https://m.media-amazon.com/images/I/71-4KXW666L._AC_UY218_.jpg,4.7,(23),,,,,,,"NIMO
NIMO N175
17.3 inches
Blue
1024 GB
Ryzen 9
32 GB
Windows 11
Backlit Keyboard, Fingerprint Reader, HD Audio, Numeric Keypad
Integrated"
"18.5 Inch Gaming Laptop with 7000 mAh Battery,AMD Ryzen 7430U UP to 4.3GHZ",https://www.amazon.com/sspa/click?ie=UTF8&spc=MToxMDM2NjU2NzcwMzIwNDU2OjE3ODk4MTk4ODc6c3BfbXRmOjMwMTUzMzk0OTYyOTkwMjo6MDo6&url=%2FGaming-Laptop-Battery-Ryzen-4-3GHZ%2Fdp%2FB0HF3J55CY%2Fref%3Dsr_1_27_sspa%3Fcrid%3D3LC9VL11Q1Y6Z%26dib%3DeyJ2IjoiMSJ9.ugoRDgk6CPUHAO-vuB2wI78pO390UDdb6RIU-aabDt5oU4otZYiGUnN6i_3bTOJjtcS38F6V6MAp5orniGxaedyNOGAYlDK7d99c9ucqP2kacaNCFHiHGfY9UEeOjwzul9iF8cSC9UucU8Gs5GLNy7FQ0V8OzIpdhNU--RElP62tW8GL2hHkxWv1CovRPUE2ikPC0MLd9pFvg58mnuxLOGLRhpXKRp64sVad5ICo7pE.-xmc_AxVrBglQX_RvSgqSLCabFYrz8FXomxgbbeGO4o%26dib_tag%3Dse%26keywords%3Dgaming%2Blaptops%26qid%3D1789819887%26sprefix%3D%252Caps%252C392%26sr%3D8-27-spons%26xpid%3DMMcXVFo9VX50C%26sp_csd%3Dd2lkZ2V0TmFtZT1zcF9tdGY%26psc%3D1,https://m.media-amazon.com/images/I/715V4VP-nfL._AC_UY218_.jpg,4.8,(18),"PKR 182,655.55","PKR 21,996.61 delivery Tue, Sep 29","Tue, Sep 29","PKR443,477.23",,,
"dynabook Tecra A40-M 14"" WUXGA Business Laptop, Intel Core Ultra 7 155U, 32GB DDR5, 1TB PCIe SSD, Windows 11 Pro, Wi-Fi 6E, Thunderbolt 4, 5MP AI Webcam, Fingerprint",https://www.amazon.com/sspa/click?ie=UTF8&spc=MToxMDM2NjU2NzcwMzIwNDU2OjE3ODk4MTk4ODc6c3BfbXRmOjMwMTQ4NjQyMTcwNTkwMjo6MDo6&url=%2Fdynabook-A40-M-Business-Thunderbolt-Fingerprint%2Fdp%2FB0GT8T34V8%2Fref%3Dsr_1_28_sspa%3Fcrid%3D3LC9VL11Q1Y6Z%26dib%3DeyJ2IjoiMSJ9.ugoRDgk6CPUHAO-vuB2wI78pO390UDdb6RIU-aabDt5oU4otZYiGUnN6i_3bTOJjtcS38F6V6MAp5orniGxaedyNOGAYlDK7d99c9ucqP2kacaNCFHiHGfY9UEeOjwzul9iF8cSC9UucU8Gs5GLNy7FQ0V8OzIpdhNU--RElP62tW8GL2hHkxWv1CovRPUE2ikPC0MLd9pFvg58mnuxLOGLRhpXKRp64sVad5ICo7pE.-xmc_AxVrBglQX_RvSgqSLCabFYrz8FXomxgbbeGO4o%26dib_tag%3Dse%26keywords%3Dgaming%2Blaptops%26qid%3D1789819887%26sprefix%3D%252Caps%252C392%26sr%3D8-28-spons%26xpid%3DMMcXVFo9VX50C%26sp_csd%3Dd2lkZ2V0TmFtZT1zcF9tdGY%26psc%3D1,https://m.media-amazon.com/images/I/61Qz-lvLf0L._AC_UY218_.jpg,,,"PKR 493,094.32","PKR 21,115.19 delivery Tue, Sep 29","Tue, Sep 29",,,,
"Gaming Laptop with AMD Ryzen 7 H255 (up to 4.9GHz),24GB DDR5 512GB NVMe SSD",https://www.amazon.com/Gaming-Laptop-Ryzen-4-9GHz-512GB/dp/B0H4GDCQJF/ref=sr_1_29?crid=3LC9VL11Q1Y6Z&dib=eyJ2IjoiMSJ9.ugoRDgk6CPUHAO-vuB2wI78pO390UDdb6RIU-aabDt5oU4otZYiGUnN6i_3bTOJjtcS38F6V6MAp5orniGxaedyNOGAYlDK7d99c9ucqP2kacaNCFHiHGfY9UEeOjwzul9iF8cSC9UucU8Gs5GLNy7FQ0V8OzIpdhNU--RElP62tW8GL2hHkxWv1CovRPUE2ikPC0MLd9pFvg58mnuxLOGLRhpXKRp64sVad5ICo7pE.-xmc_AxVrBglQX_RvSgqSLCabFYrz8FXomxgbbeGO4o&dib_tag=se&keywords=gaming+laptops&qid=1789819887&sprefix=%2Caps%2C392&sr=8-29&xpid=MMcXVFo9VX50C,https://m.media-amazon.com/images/I/71jdw6czCML._AC_UY218_.jpg,4.4,(41),"PKR 191,247.98","PKR 19,382.85 delivery",,"PKR221,737.23",,,"MALLRACE
S16
16 inches
Lead Gray
512 GB
AMD Ryzen 7
24 GB
Windows 11 Pro
24GB DDR5 512GB SSD, AMD Radeon 780M, AMD Ryzen7 H255 4.9GHz, Backlit Keyboard, HDMI 2.0
Integrated"
"Alienware 16 Aurora Gaming Laptop, RTX 5050, Intel Core 7 240H",https://www.amazon.com/Alienware-Aurora-Gaming-Laptop-Intel/dp/B0BXFKXG6N/ref=sr_1_30?crid=3LC9VL11Q1Y6Z&dib=eyJ2IjoiMSJ9.ugoRDgk6CPUHAO-vuB2wI78pO390UDdb6RIU-aabDt5oU4otZYiGUnN6i_3bTOJjtcS38F6V6MAp5orniGxaedyNOGAYlDK7d99c9ucqP2kacaNCFHiHGfY9UEeOjwzul9iF8cSC9UucU8Gs5GLNy7FQ0V8OzIpdhNU--RElP62tW8GL2hHkxWv1CovRPUE2ikPC0MLd9pFvg58mnuxLOGLRhpXKRp64sVad5ICo7pE.-xmc_AxVrBglQX_RvSgqSLCabFYrz8FXomxgbbeGO4o&dib_tag=se&keywords=gaming+laptops&qid=1789819887&sprefix=%2Caps%2C392&sr=8-30&xpid=MMcXVFo9VX50C,https://m.media-amazon.com/images/I/71oM7NX7+yL._AC_UY218_.jpg,4.1,(300),3 sizes,,,,,,"Alienware
Windows 11 Home
Intel Core 7
1.8 GHz
24
Dedicated
NVIDIA GeForce RTX 5050
16 GB
Entertainment, Gaming, Student
16 inches"
"NIMO 17.3"" Gaming Laptop, AMD Ryzen 9 8945HS (8C/16T, Up to 5.2GHz), 32GB DDR5 RAM 1TB SSD, Radeon 780M Graphics, 100W PD Fast Charge, Fingerprint, AI-Powered Business & Gaming PC, Win 11",https://www.amazon.com/NIMO-Graphics-Fingerprint-AI-Powered-Business/dp/B0H33F1GWV/ref=sr_1_32?crid=3LC9VL11Q1Y6Z&dib=eyJ2IjoiMSJ9.ugoRDgk6CPUHAO-vuB2wI78pO390UDdb6RIU-aabDt5oU4otZYiGUnN6i_3bTOJjtcS38F6V6MAp5orniGxaedyNOGAYlDK7d99c9ucqP2kacaNCFHiHGfY9UEeOjwzul9iF8cSC9UucU8Gs5GLNy7FQ0V8OzIpdhNU--RElP62tW8GL2hHkxWv1CovRPUE2ikPC0MLd9pFvg58mnuxLOGLRhpXKRp64sVad5ICo7pE.-xmc_AxVrBglQX_RvSgqSLCabFYrz8FXomxgbbeGO4o&dib_tag=se&keywords=gaming+laptops&qid=1789819887&sprefix=%2Caps%2C392&sr=8-32&xpid=MMcXVFo9VX50C,https://m.media-amazon.com/images/I/71HicjuwPdL._AC_UY218_.jpg,4.7,(23),,,,,,,"NIMO
NIMO N175
17.3 inches
Black
1024 GB
Ryzen 9
32 GB
Windows 11
Backlit Keyboard, Fingerprint Reader, HD Audio, Numeric Keypad
Integrated"
"Gaming Laptop 2026,Office & Windows 11 Pro Laptops with 16GB RAM 512GB SSD",https://www.amazon.com/Gaming-Laptop-Office-Windows-Laptops/dp/B0H947WPTC/ref=sr_1_33?crid=3LC9VL11Q1Y6Z&dib=eyJ2IjoiMSJ9.ugoRDgk6CPUHAO-vuB2wI78pO390UDdb6RIU-aabDt5oU4otZYiGUnN6i_3bTOJjtcS38F6V6MAp5orniGxaedyNOGAYlDK7d99c9ucqP2kacaNCFHiHGfY9UEeOjwzul9iF8cSC9UucU8Gs5GLNy7FQ0V8OzIpdhNU--RElP62tW8GL2hHkxWv1CovRPUE2ikPC0MLd9pFvg58mnuxLOGLRhpXKRp64sVad5ICo7pE.-xmc_AxVrBglQX_RvSgqSLCabFYrz8FXomxgbbeGO4o&dib_tag=se&keywords=gaming+laptops&qid=1789819887&sprefix=%2Caps%2C392&sr=8-33&xpid=MMcXVFo9VX50C,https://m.media-amazon.com/images/I/711XuaEUR5L._AC_UY218_.jpg,3.8,(56),"PKR 110,867.23","PKR 14,748.48 delivery Tue, Sep 29","Tue, Sep 29","PKR124,725.98",,,"CHIFUYOU
Intel Core i7-7600U 16GB RAM+1TB SSD
15.6 inches
Gray
512 GB
Core i7
16 GB
Windows 11 Pro
Anti Glare Coating, Backlit Keyboard, HD Audio, Lightweight, Numeric Keypad
Integrated"
"Lenovo IdeaPad Pro 5-2025 - 16"" OLED 2880 x 1800 120Hz Display - 16GB Memory - 1 TB Storage - Ryzen AI 7 350 - NVIDIA GeForce RTX5050 - Windows 11 Home - Luna Grey",https://www.amazon.com/Lenovo-IdeaPad-Pro-5-2025-Display/dp/B0DTBFNLCJ/ref=sr_1_34?crid=3LC9VL11Q1Y6Z&dib=eyJ2IjoiMSJ9.ugoRDgk6CPUHAO-vuB2wI78pO390UDdb6RIU-aabDt5oU4otZYiGUnN6i_3bTOJjtcS38F6V6MAp5orniGxaedyNOGAYlDK7d99c9ucqP2kacaNCFHiHGfY9UEeOjwzul9iF8cSC9UucU8Gs5GLNy7FQ0V8OzIpdhNU--RElP62tW8GL2hHkxWv1CovRPUE2ikPC0MLd9pFvg58mnuxLOGLRhpXKRp64sVad5ICo7pE.-xmc_AxVrBglQX_RvSgqSLCabFYrz8FXomxgbbeGO4o&dib_tag=se&keywords=gaming+laptops&qid=1789819887&sprefix=%2Caps%2C392&sr=8-34&xpid=MMcXVFo9VX50C,https://m.media-amazon.com/images/I/71kyi296+RL._AC_UY218_.jpg,3.6,(30),"PKR 304,615.32","PKR 27,448.64 delivery Tue, Sep 29","Tue, Sep 29",,,,"Lenovo
IdeaPad Pro 5
16 inches
Luna Grey
1 TB
Ryzen 7
16 GB
Windows 11 Home
OLED 120Hz Display
Dedicated"
"Lenovo Legion 5i – Gaming Laptop - Intel® Core™ i7-14700HX - 15"" 2.5K WQXGA PureSight OLED Display–165Hz Refresh Rate–NVIDIA® GeForce RTX™ 5070 – 16 GB Memory – 1 TB Storage – 3 Months of PC GamePass",https://www.amazon.com/Lenovo-Legion-i7-14700HX-Display-165Hz-Rate-NVIDIA%C2%AE/dp/B0F6NRYPPG/ref=sr_1_35?crid=3LC9VL11Q1Y6Z&dib=eyJ2IjoiMSJ9.ugoRDgk6CPUHAO-vuB2wI78pO390UDdb6RIU-aabDt5oU4otZYiGUnN6i_3bTOJjtcS38F6V6MAp5orniGxaedyNOGAYlDK7d99c9ucqP2kacaNCFHiHGfY9UEeOjwzul9iF8cSC9UucU8Gs5GLNy7FQ0V8OzIpdhNU--RElP62tW8GL2hHkxWv1CovRPUE2ikPC0MLd9pFvg58mnuxLOGLRhpXKRp64sVad5ICo7pE.-xmc_AxVrBglQX_RvSgqSLCabFYrz8FXomxgbbeGO4o&dib_tag=se&keywords=gaming+laptops&qid=1789819887&sprefix=%2Caps%2C392&sr=8-35&xpid=MMcXVFo9VX50C,https://m.media-amazon.com/images/I/81fcgC6vlsL._AC_UY218_.jpg,4.3,(97),"PKR 527,821.58","PKR 21,112.42 delivery Tue, Sep 29","Tue, Sep 29",,,,"Lenovo
Legion 5i
15.1 inches
Eclipse Black
1 TB
Core i7
16 GB
Windows 11 Home
Backlit Keyboard, HD Audio, Wifi
Dedicated"
"msi Katana 15 HX 15.6” 165Hz QHD+ Gaming Laptop: Intel Core i9-14900HX, NVIDIA Geforce RTX 5070, 32GB DDR5, 1TB NVMe SSD, RGB Keyboard, Win 11 Home: Black B14WGK-016US",https://www.amazon.com/Katana-15-6-165Hz-Gaming-Laptop/dp/B0DZFVBQLK/ref=sr_1_36?crid=3LC9VL11Q1Y6Z&dib=eyJ2IjoiMSJ9.ugoRDgk6CPUHAO-vuB2wI78pO390UDdb6RIU-aabDt5oU4otZYiGUnN6i_3bTOJjtcS38F6V6MAp5orniGxaedyNOGAYlDK7d99c9ucqP2kacaNCFHiHGfY9UEeOjwzul9iF8cSC9UucU8Gs5GLNy7FQ0V8OzIpdhNU--RElP62tW8GL2hHkxWv1CovRPUE2ikPC0MLd9pFvg58mnuxLOGLRhpXKRp64sVad5ICo7pE.-xmc_AxVrBglQX_RvSgqSLCabFYrz8FXomxgbbeGO4o&dib_tag=se&keywords=gaming+laptops&qid=1789819887&sprefix=%2Caps%2C392&sr=8-36&xpid=MMcXVFo9VX50C,https://m.media-amazon.com/images/I/71TvKdAmIjL._AC_UY218_.jpg,4.0,(348),"PKR 629,251.00","PKR 24,225.10 delivery Tue, Sep 29","Tue, Sep 29",,,,"msi
Katana 15 HX B14WGK-016US
15.6 inches
Black
1 TB
Core i9
32 GB
Windows 11 Home
Backlit Keyboard, HD Audio
RTX 5070"
"Lenovo Legion LOQ AI-Powered Gaming Laptop - Intel Core i7-13650HX, 15.6"" FHD IPS 144Hz Display, GeForce RTX 5050, 16GB Memory, 1TB Storage, G-Sync, Luna Grey",https://www.amazon.com/sspa/click?ie=UTF8&spc=MToxMDM2NjU2NzcwMzIwNDU2OjE3ODk4MTk4ODc6c3BfYnRmOjMwMTIzMDcxMjQ4MDYwMjo6MDo6&url=%2FLenovo-Legion-AI-Powered-Gaming-Laptop%2Fdp%2FB0FY77GFRN%2Fref%3Dsr_1_37_sspa%3Fcrid%3D3LC9VL11Q1Y6Z%26dib%3DeyJ2IjoiMSJ9.ugoRDgk6CPUHAO-vuB2wI78pO390UDdb6RIU-aabDt5oU4otZYiGUnN6i_3bTOJjtcS38F6V6MAp5orniGxaedyNOGAYlDK7d99c9ucqP2kacaNCFHiHGfY9UEeOjwzul9iF8cSC9UucU8Gs5GLNy7FQ0V8OzIpdhNU--RElP62tW8GL2hHkxWv1CovRPUE2ikPC0MLd9pFvg58mnuxLOGLRhpXKRp64sVad5ICo7pE.-xmc_AxVrBglQX_RvSgqSLCabFYrz8FXomxgbbeGO4o%26dib_tag%3Dse%26keywords%3Dgaming%2Blaptops%26qid%3D1789819887%26sprefix%3D%252Caps%252C392%26sr%3D8-37-spons%26xpid%3DMMcXVFo9VX50C%26sp_csd%3Dd2lkZ2V0TmFtZT1zcF9idGY%26psc%3D1,https://m.media-amazon.com/images/I/813oYBqM4GL._AC_UY218_.jpg,4.3,(108),"PKR 422,689.10","PKR 22,426.23 delivery Tue, Sep 29","Tue, Sep 29",,,,
"Lenovo Legion 5i – Gaming Laptop - Intel® Core™ i7-14700HX - 15"" 2.5K WQXGA PureSight OLED Display–165Hz Refresh Rate–NVIDIA® GeForce RTX™ 5070 – 16 GB Memory – 1 TB Storage – 3 Months of PC GamePass",https://www.amazon.com/sspa/click?ie=UTF8&spc=MToxMDM2NjU2NzcwMzIwNDU2OjE3ODk4MTk4ODc6c3BfYnRmOjMwMTIyOTg3NDYxMjEwMjo6MDo6&url=%2FLenovo-Legion-i7-14700HX-Display-165Hz-Rate-NVIDIA%25C2%25AE%2Fdp%2FB0F6NRYPPG%2Fref%3Dsr_1_38_sspa%3Fcrid%3D3LC9VL11Q1Y6Z%26dib%3DeyJ2IjoiMSJ9.ugoRDgk6CPUHAO-vuB2wI78pO390UDdb6RIU-aabDt5oU4otZYiGUnN6i_3bTOJjtcS38F6V6MAp5orniGxaedyNOGAYlDK7d99c9ucqP2kacaNCFHiHGfY9UEeOjwzul9iF8cSC9UucU8Gs5GLNy7FQ0V8OzIpdhNU--RElP62tW8GL2hHkxWv1CovRPUE2ikPC0MLd9pFvg58mnuxLOGLRhpXKRp64sVad5ICo7pE.-xmc_AxVrBglQX_RvSgqSLCabFYrz8FXomxgbbeGO4o%26dib_tag%3Dse%26keywords%3Dgaming%2Blaptops%26qid%3D1789819887%26sprefix%3D%252Caps%252C392%26sr%3D8-38-spons%26xpid%3DMMcXVFo9VX50C%26sp_csd%3Dd2lkZ2V0TmFtZT1zcF9idGY%26psc%3D1,https://m.media-amazon.com/images/I/81fcgC6vlsL._AC_UY218_.jpg,4.3,(97),"PKR 527,821.58","PKR 21,112.42 delivery Tue, Sep 29","Tue, Sep 29",,,,
,https://www.amazon.com/sspa/click?ie=UTF8&spc=MToxODI5NDQwODUwMjE2MDg4OjE3ODk4MTk4ODc6c3Bfc2VhcmNoX3RoZW1hdGljX2J0ZjozMDEyMjk4NzQ2MTIxMDI6OjA6Og&url=%2FLenovo-Legion-i7-14700HX-Display-165Hz-Rate-NVIDIA%25C2%25AE%2Fdp%2FB0F6NRYPPG%2Fref%3Dsxbs_pa_sp_search_thematic_btf_sspa%3Fcontent-id%3Damzn1.sym.265ca31e-ac46-48b3-bd6c-07361db7a8ba%253Aamzn1.sym.265ca31e-ac46-48b3-bd6c-07361db7a8ba%26crid%3D3LC9VL11Q1Y6Z%26cv_ct_cx%3Dgaming%2Blaptops%26keywords%3Dgaming%2Blaptops%26pd_rd_i%3DB0F6NRYPPG%26pd_rd_r%3Da7b5e169-358b-45a7-9b16-1af917f71ab6%26pd_rd_w%3DU7lOp%26pd_rd_wg%3DMGfGM%26pf_rd_p%3D265ca31e-ac46-48b3-bd6c-07361db7a8ba%26pf_rd_r%3DWWP4F11RP569E3J953MC%26qid%3D1789819887%26sbo%3DRZvfv%252F%252FHxDF%252BO5021pAnSA%253D%253D%26sprefix%3D%252Caps%252C392%26sr%3D1-17-4c3ee5d8-c4ea-4c3c-8cf4-b8be2ae560c7-spons%26xpid%3DMMcXVFo9VX50C%26aref%3DzOVuCtIHuO%26sp_csd%3Dd2lkZ2V0TmFtZT1zcF9zZWFyY2hfdGhlbWF0aWNfYnRm%26psc%3D1&aref=zOVuCtIHuO,,4.3,(97),"PKR 527,821.58","PKR 21,112.42 delivery Tue, Sep 29","Tue, Sep 29","PKR221,737.23",,,
,,,,,,,,,,,
,,,,,,,,,,,
,,,,,,,,,,,
,,,,,,,,,,,
"Lenovo Legion Pro 7i 16"" WQXGA 240Hz Gaming Laptop, Intel Core Ultra 9 275HX, GeForce RTX 5080 GDDR7, 32GB DDR5, 2TB Storage (1TB PCIe SSD&1TB Docking Station), Backlit Keyboard, Win 11 Pro, Black",https://www.amazon.com/Lenovo-Legion-GeForce-Storage-Keyboard/dp/B0GT4P1FJQ/ref=sr_1_33?crid=3LC9VL11Q1Y6Z&dib=eyJ2IjoiMSJ9.n3cPJO3eToUpiiGQhSJpq1DgrcJQuDiB0lcqnXl3oK9Igynm3aoo5uUlYf3QXvYjlxofPhc5Ij-VN4HYFs6GN_y1BNGzHBA7pvHsBex6APE0RdpZryji9OuEJac6A2dgimh1Ivfg831Tn3hwVWflk-VBoJL4p2-YjarS0FSOOqVj6S8VLZTKd2GUpfD7n8-RcZxGc_D2khQBfuo8cX45U18VQCPm_0FxLC7z6BPzQmw.QsC7ZWgqPHRR_7XjhcBJY6kfvY52rUBOAISBfpejyo4&dib_tag=se&keywords=gaming+laptops&qid=1789819977&sprefix=%2Caps%2C392&sr=8-33&xpid=MMcXVFo9VX50C,https://m.media-amazon.com/images/I/81S0LvFnm3L._AC_UY218_.jpg,,,5 capacities,,,,,,"Lenovo
Lenovo Legion
16 inches
Black
1 TB
Others
32 GB
Windows 11 Pro
Backlit Keyboard, Numeric Keypad
Dedicated"
"ASUS ROG Strix G18 Gaming Laptop, Intel 24-Core Ultra 9 275HX, GeForce RTX 5070TI, 18-inch 2.5K WQXGA 240Hz/3ms Nebula Display, 64GB RAM + 4TB SSD, Windows 11 Pro, 4-zone RGB Backlit Keyboard, Wi-Fi 7",https://www.amazon.com/ASUS-ROG-Strix-Gaming-Laptop/dp/B0H83864P7/ref=sr_1_34?crid=3LC9VL11Q1Y6Z&dib=eyJ2IjoiMSJ9.n3cPJO3eToUpiiGQhSJpq1DgrcJQuDiB0lcqnXl3oK9Igynm3aoo5uUlYf3QXvYjlxofPhc5Ij-VN4HYFs6GN_y1BNGzHBA7pvHsBex6APE0RdpZryji9OuEJac6A2dgimh1Ivfg831Tn3hwVWflk-VBoJL4p2-YjarS0FSOOqVj6S8VLZTKd2GUpfD7n8-RcZxGc_D2khQBfuo8cX45U18VQCPm_0FxLC7z6BPzQmw.QsC7ZWgqPHRR_7XjhcBJY6kfvY52rUBOAISBfpejyo4&dib_tag=se&keywords=gaming+laptops&qid=1789819977&sprefix=%2Caps%2C392&sr=8-34&xpid=MMcXVFo9VX50C,https://m.media-amazon.com/images/I/71rLl9bWhDL._AC_UY218_.jpg,5.0,(3),,,,,,,"ASUS
ASUS ROG Strix G18
18 inches
Gray
4 TB
Intel Core Ultra 9
64 GB
Windows 11 Pro
Backlit Keyboard, Webcam
Dedicated"
"msi Crosshair A16 HX 16” QHD+ 240Hz Gaming Laptop – AMD Ryzen 9 8940HX, NVIDIA GeForce RTX 5060, 16GB DDR5, 1TB NVMe SSD, Wi-Fi 6E, USB-C, Windows 11 D8WFKG-090US",https://www.amazon.com/msi-Crosshair-240Hz-Gaming-Laptop/dp/B0FRB5KC3P/ref=sr_1_35?crid=3LC9VL11Q1Y6Z&dib=eyJ2IjoiMSJ9.n3cPJO3eToUpiiGQhSJpq1DgrcJQuDiB0lcqnXl3oK9Igynm3aoo5uUlYf3QXvYjlxofPhc5Ij-VN4HYFs6GN_y1BNGzHBA7pvHsBex6APE0RdpZryji9OuEJac6A2dgimh1Ivfg831Tn3hwVWflk-VBoJL4p2-YjarS0FSOOqVj6S8VLZTKd2GUpfD7n8-RcZxGc_D2khQBfuo8cX45U18VQCPm_0FxLC7z6BPzQmw.QsC7ZWgqPHRR_7XjhcBJY6kfvY52rUBOAISBfpejyo4&dib_tag=se&keywords=gaming+laptops&qid=1789819977&sprefix=%2Caps%2C392&sr=8-35&xpid=MMcXVFo9VX50C,https://m.media-amazon.com/images/I/713DKBgz+2L._AC_UY218_.jpg,3.9,(39),"PKR 442,368.53","PKR 24,859.83 delivery Oct 5 - 19",Oct 5 - 19,,,,"msi
Crosshair A16 HX D8WFKG-090US
16 inches
Gray
1 TB
Ryzen 9
16 GB
Windows 11 Home
Backlit Keyboard, Fingerprint Reader
RTX 5060"
,,,,,,,,,,,
,,,,,,,,,,,
"HP OMEN Max 240Hz Ryzen AI 9 HX 375 RTX 5080 Gaming Laptop | 64GB DDR5, 2TB",https://www.amazon.com/OMEN-240Hz-Ryzen-Gaming-Laptop/dp/B0HD1N6Q8D/ref=sr_1_36?crid=3LC9VL11Q1Y6Z&dib=eyJ2IjoiMSJ9.n3cPJO3eToUpiiGQhSJpq1DgrcJQuDiB0lcqnXl3oK9Igynm3aoo5uUlYf3QXvYjlxofPhc5Ij-VN4HYFs6GN_y1BNGzHBA7pvHsBex6APE0RdpZryji9OuEJac6A2dgimh1Ivfg831Tn3hwVWflk-VBoJL4p2-YjarS0FSOOqVj6S8VLZTKd2GUpfD7n8-RcZxGc_D2khQBfuo8cX45U18VQCPm_0FxLC7z6BPzQmw.QsC7ZWgqPHRR_7XjhcBJY6kfvY52rUBOAISBfpejyo4&dib_tag=se&keywords=gaming+laptops&qid=1789819977&sprefix=%2Caps%2C392&sr=8-36&xpid=MMcXVFo9VX50C,https://m.media-amazon.com/images/I/71gSDDRM-nL._AC_UY218_.jpg,4.4,(10),,,,,,,"PCONLINE
TPN-I144
16 inches
Black
2 TB
AMD R Series
64 GB
Windows 11 Home
Backlit Keyboard, Numeric Keypad
Dedicated"
"Lenovo LOQ 15.6"" Full HD Gaming Laptop, AMD Ryzen 5 7235HS, 16GB Memory, NVIDIA GeForce RTX 4050, 512GB SSD, Luna Grey",https://www.amazon.com/Lenovo-Gaming-Laptop-7235HS-GeForce/dp/B0G4KNVTSW/ref=sr_1_37?crid=3LC9VL11Q1Y6Z&dib=eyJ2IjoiMSJ9.n3cPJO3eToUpiiGQhSJpq1DgrcJQuDiB0lcqnXl3oK9Igynm3aoo5uUlYf3QXvYjlxofPhc5Ij-VN4HYFs6GN_y1BNGzHBA7pvHsBex6APE0RdpZryji9OuEJac6A2dgimh1Ivfg831Tn3hwVWflk-VBoJL4p2-YjarS0FSOOqVj6S8VLZTKd2GUpfD7n8-RcZxGc_D2khQBfuo8cX45U18VQCPm_0FxLC7z6BPzQmw.QsC7ZWgqPHRR_7XjhcBJY6kfvY52rUBOAISBfpejyo4&dib_tag=se&keywords=gaming+laptops&qid=1789819977&sprefix=%2Caps%2C392&sr=8-37&xpid=MMcXVFo9VX50C,https://m.media-amazon.com/images/I/71IkLx9qnfL._AC_UY218_.jpg,4.3,(17),,,,,,,"Lenovo
83JC00LYUS
15.6 inches
Luna Grey
512 GB
Ryzen 5
16 GB
Windows 11 Home
Ray Tracing Technology
Dedicated"
"NIMO 17.3 FHD AI Gaming Laptop, AMD R7 8745HS 16GB DDR5 1TB SSD Radeon 780M",https://www.amazon.com/NIMO-Gaming-Laptop-Multitasking-Creators-Streaming/dp/B0G51XXS3M/ref=sr_1_38?crid=3LC9VL11Q1Y6Z&dib=eyJ2IjoiMSJ9.n3cPJO3eToUpiiGQhSJpq1DgrcJQuDiB0lcqnXl3oK9Igynm3aoo5uUlYf3QXvYjlxofPhc5Ij-VN4HYFs6GN_y1BNGzHBA7pvHsBex6APE0RdpZryji9OuEJac6A2dgimh1Ivfg831Tn3hwVWflk-VBoJL4p2-YjarS0FSOOqVj6S8VLZTKd2GUpfD7n8-RcZxGc_D2khQBfuo8cX45U18VQCPm_0FxLC7z6BPzQmw.QsC7ZWgqPHRR_7XjhcBJY6kfvY52rUBOAISBfpejyo4&dib_tag=se&keywords=gaming+laptops&qid=1789819977&sprefix=%2Caps%2C392&sr=8-38&xpid=MMcXVFo9VX50C,https://m.media-amazon.com/images/I/710yZlOeFdL._AC_UY218_.jpg,4.3,(345),,,,,,,"NIMO
NIMO N177
17.3 inches
Black
1024 GB
AMD Ryzen 7
16 GB
Windows 11
Backlit Keyboard, Fingerprint Reader, HD Audio, Numeric Keypad
Integrated"
"ASUS ROG Strix SCAR 18 (2025) Gaming Laptop, 18” ROG Nebula HDR 16:10 2.5K 240Hz/3ms, NVIDIA GeForce RTX 5090, Intel Core Ultra 9 275HX, 32GB DDR5, 2TB PCIe Gen 4 SSD, Wi-Fi 7, Win 11 Pro, G835LX-XS97",https://www.amazon.com/ASUS-Strix-Gaming-Laptop-Nebula/dp/B0DW1WX8H2/ref=sr_1_39?crid=3LC9VL11Q1Y6Z&dib=eyJ2IjoiMSJ9.n3cPJO3eToUpiiGQhSJpq1DgrcJQuDiB0lcqnXl3oK9Igynm3aoo5uUlYf3QXvYjlxofPhc5Ij-VN4HYFs6GN_y1BNGzHBA7pvHsBex6APE0RdpZryji9OuEJac6A2dgimh1Ivfg831Tn3hwVWflk-VBoJL4p2-YjarS0FSOOqVj6S8VLZTKd2GUpfD7n8-RcZxGc_D2khQBfuo8cX45U18VQCPm_0FxLC7z6BPzQmw.QsC7ZWgqPHRR_7XjhcBJY6kfvY52rUBOAISBfpejyo4&dib_tag=se&keywords=gaming+laptops&qid=1789819977&sprefix=%2Caps%2C392&sr=8-39&xpid=MMcXVFo9VX50C,https://m.media-amazon.com/images/I/71GhOCogx0L._AC_UY218_.jpg,3.8,(43),"PKR 1,247,284.73","PKR 31,165.56 delivery Tue, Sep 29","Tue, Sep 29",,,,"ASUS
ROG Strix SCAR 18
18 inches
Black
2 TB
Intel Core Ultra 9
32 GB
Windows 11 Pro
AniMe Vision, ROG Intelligent Cooling, ROG Nebula HDR Display, Tool-Less Access
Dedicated"
"GIGABYTE AERO X16 - AMD Ryzen AI 7 350 GeForce RTX 5070 16"" Laptop",https://www.amazon.com/GIGABYTE-AERO-X16-Copilot-2560x1600/dp/B0FDMM46TT/ref=sr_1_40?crid=3LC9VL11Q1Y6Z&dib=eyJ2IjoiMSJ9.n3cPJO3eToUpiiGQhSJpq1DgrcJQuDiB0lcqnXl3oK9Igynm3aoo5uUlYf3QXvYjlxofPhc5Ij-VN4HYFs6GN_y1BNGzHBA7pvHsBex6APE0RdpZryji9OuEJac6A2dgimh1Ivfg831Tn3hwVWflk-VBoJL4p2-YjarS0FSOOqVj6S8VLZTKd2GUpfD7n8-RcZxGc_D2khQBfuo8cX45U18VQCPm_0FxLC7z6BPzQmw.QsC7ZWgqPHRR_7XjhcBJY6kfvY52rUBOAISBfpejyo4&dib_tag=se&keywords=gaming+laptops&qid=1789819977&sprefix=%2Caps%2C392&sr=8-40&xpid=MMcXVFo9VX50C,https://m.media-amazon.com/images/I/61PSSdK76zL._AC_UY218_.jpg,4.0,(25),2 capacities,"PKR 22,841.99 delivery Tue, Sep 29","Tue, Sep 29","PKR582,064.73",,,"GIGABYTE
AERO X16 1WH93USC64DH
16 inches
Space Gray
1000 GB
Ryzen AI
32 GB
Windows 11 Home
16"" 16:10 IPS WQXGA (2560×1600) 165Hz, 3ms, sRGB 100%, 400nits (typical), 16GB*2 DDR5 5600MHz, 1TB PCIe Gen4 NVMe™ M.2 SSD, AMD Ryzen™ Al 7 350, NVIDIA® GeForce RTX™ 5070 Laptop GPU
16"" 16:10 IPS WQXGA (2560×1600) 165Hz, 3ms, sRGB 100%, 400nits (typical), 16GB*2 DDR5 5600MHz, 1TB PCIe Gen4 NVMe™ M.2 SSD, AMD Ryzen™ Al 7 350, N… 
Dedicated"
"HP Omen Max 16"" 240Hz 5080 Ryzen AI 9 HX 375 Gaming Laptop, 32GB + 2TB",https://www.amazon.com/Omen-240Hz-Ryzen-Gaming-Laptop/dp/B0H8743TPD/ref=sr_1_41?crid=3LC9VL11Q1Y6Z&dib=eyJ2IjoiMSJ9.n3cPJO3eToUpiiGQhSJpq1DgrcJQuDiB0lcqnXl3oK9Igynm3aoo5uUlYf3QXvYjlxofPhc5Ij-VN4HYFs6GN_y1BNGzHBA7pvHsBex6APE0RdpZryji9OuEJac6A2dgimh1Ivfg831Tn3hwVWflk-VBoJL4p2-YjarS0FSOOqVj6S8VLZTKd2GUpfD7n8-RcZxGc_D2khQBfuo8cX45U18VQCPm_0FxLC7z6BPzQmw.QsC7ZWgqPHRR_7XjhcBJY6kfvY52rUBOAISBfpejyo4&dib_tag=se&keywords=gaming+laptops&qid=1789819977&sprefix=%2Caps%2C392&sr=8-41&xpid=MMcXVFo9VX50C,https://m.media-amazon.com/images/I/71LCuV7TX6L._AC_UY218_.jpg,5.0,(2),,,,,,,"PCONLINE
TPN-I144
16 inches
Black
2 TB
AMD R Series
32 GB
Windows 11 Home
Backlit Keyboard, Numeric Keypad
Dedicated"
"Lenovo LOQ AMD Ryzen 7 170 RTX 4050 Gaming Laptop, 32GB DDR5 | 1TB SSD",https://www.amazon.com/Lenovo-LOQ-Ryzen-Gaming-Laptop/dp/B0HF42KMMX/ref=sr_1_42?crid=3LC9VL11Q1Y6Z&dib=eyJ2IjoiMSJ9.n3cPJO3eToUpiiGQhSJpq1DgrcJQuDiB0lcqnXl3oK9Igynm3aoo5uUlYf3QXvYjlxofPhc5Ij-VN4HYFs6GN_y1BNGzHBA7pvHsBex6APE0RdpZryji9OuEJac6A2dgimh1Ivfg831Tn3hwVWflk-VBoJL4p2-YjarS0FSOOqVj6S8VLZTKd2GUpfD7n8-RcZxGc_D2khQBfuo8cX45U18VQCPm_0FxLC7z6BPzQmw.QsC7ZWgqPHRR_7XjhcBJY6kfvY52rUBOAISBfpejyo4&dib_tag=se&keywords=gaming+laptops&qid=1789819977&sprefix=%2Caps%2C392&sr=8-42&xpid=MMcXVFo9VX50C,https://m.media-amazon.com/images/I/71k95VzlzkL._AC_UY218_.jpg,5.0,(9),,,,,,,"Lenovo
Windows 11 Home
AMD R Series
3.2 GHz
Dedicated
GeForce RTX 4050
1 TB
Gaming
15.6 inches
32 GB"
"NIMO 17.3"" FHD IPS Gaming Laptop, AMD Ryzen 7 Computer (Up to 4.75 GHz, Beat i7-12650H) with 16GB DDR5 RAM 1TB SSD Radeon 680M GPU 2-Yr Warranty 180° View Multifuntional for Business Creator Student",https://www.amazon.com/NIMO-Computer-i7-12650H-Warranty-Multifuntional/dp/B0H6WM7JVZ/ref=sr_1_43?crid=3LC9VL11Q1Y6Z&dib=eyJ2IjoiMSJ9.n3cPJO3eToUpiiGQhSJpq1DgrcJQuDiB0lcqnXl3oK9Igynm3aoo5uUlYf3QXvYjlxofPhc5Ij-VN4HYFs6GN_y1BNGzHBA7pvHsBex6APE0RdpZryji9OuEJac6A2dgimh1Ivfg831Tn3hwVWflk-VBoJL4p2-YjarS0FSOOqVj6S8VLZTKd2GUpfD7n8-RcZxGc_D2khQBfuo8cX45U18VQCPm_0FxLC7z6BPzQmw.QsC7ZWgqPHRR_7XjhcBJY6kfvY52rUBOAISBfpejyo4&dib_tag=se&keywords=gaming+laptops&qid=1789819977&sprefix=%2Caps%2C392&sr=8-43&xpid=MMcXVFo9VX50C,https://m.media-amazon.com/images/I/71+TjAUtzQL._AC_UY218_.jpg,4.7,(31),,,,,,,"NIMO
NIMO N179
17.3 inches
Blue
1024 GB
AMD Ryzen 7
16 GB
Windows 11
Backlit Keyboard, Fingerprint Reader, HD Audio, Numeric Keypad
Integrated"
"HP Victus Gaming 15 Laptop: 15.6"" FHD 144Hz Display • Intel 8-Core i5-13420H • NVIDIA GeForce RTX 3050 • 8 GB DDR4 SDRAM • 512 GB NVMe SSD • Win11 Home • Wi-Fi 6 • Backlit Keyboard (Renewed)",https://www.amazon.com/HP-Victus-Gaming-Laptop-i5-13420H/dp/B0G3BDRQY7/ref=sr_1_44?crid=3LC9VL11Q1Y6Z&dib=eyJ2IjoiMSJ9.n3cPJO3eToUpiiGQhSJpq1DgrcJQuDiB0lcqnXl3oK9Igynm3aoo5uUlYf3QXvYjlxofPhc5Ij-VN4HYFs6GN_y1BNGzHBA7pvHsBex6APE0RdpZryji9OuEJac6A2dgimh1Ivfg831Tn3hwVWflk-VBoJL4p2-YjarS0FSOOqVj6S8VLZTKd2GUpfD7n8-RcZxGc_D2khQBfuo8cX45U18VQCPm_0FxLC7z6BPzQmw.QsC7ZWgqPHRR_7XjhcBJY6kfvY52rUBOAISBfpejyo4&dib_tag=se&keywords=gaming+laptops&qid=1789819977&sprefix=%2Caps%2C392&sr=8-44&xpid=MMcXVFo9VX50C,https://m.media-amazon.com/images/I/71piyyXO1pL._AC_UY218_.jpg,4.8,(11),,,,,,,"HP
15-FA200
15.6 inches
Mica Silver
512 GB
Core i5 Family
8 GB
Windows 11 Home
Anti Glare Coating, Backlit Keyboard, HD Audio, Numeric Keypad
Dedicated"
"ASUS ROG Strix G16 (2025) Gaming Laptop, 16” FHD+ 16:10 165Hz/3ms, NVIDIA® GeForce RTX™ 5050, Intel® Core™ i5-13450HX, 16GB DDR5-5600, 1TB PCIe Gen 4 SSD, Wi-Fi 7, Windows 11 Home, G615JH-DS54",https://www.amazon.com/ASUS-ROG-Strix-Gaming-Laptop/dp/B0FFJ16XQ9/ref=sr_1_45?crid=3LC9VL11Q1Y6Z&dib=eyJ2IjoiMSJ9.n3cPJO3eToUpiiGQhSJpq1DgrcJQuDiB0lcqnXl3oK9Igynm3aoo5uUlYf3QXvYjlxofPhc5Ij-VN4HYFs6GN_y1BNGzHBA7pvHsBex6APE0RdpZryji9OuEJac6A2dgimh1Ivfg831Tn3hwVWflk-VBoJL4p2-YjarS0FSOOqVj6S8VLZTKd2GUpfD7n8-RcZxGc_D2khQBfuo8cX45U18VQCPm_0FxLC7z6BPzQmw.QsC7ZWgqPHRR_7XjhcBJY6kfvY52rUBOAISBfpejyo4&dib_tag=se&keywords=gaming+laptops&qid=1789819977&sprefix=%2Caps%2C392&sr=8-45&xpid=MMcXVFo9VX50C,https://m.media-amazon.com/images/I/61LlFyN+B3L._AC_UY218_.jpg,4.6,(58),"PKR 374,183.48","PKR 26,021.19 delivery Sep 28 - Oct 2",Sep 28 - Oct 2,,,,"ASUS
Strix G16
16 inches
Eclipse Gray
1 TB
Core i5
16 GB
Windows 11 Home
Dedicated
4.6 GHz"
"15.6 inch Laptop, Laptops with Celeron N4000, 2025 Gaming Laptop for 8GB LPDDR4 256GB SSD, IPS FHD 1920x1080, WiFi+BT4.2+Mini HDMI+TF Card Slot, Traditional Laptops Computers Convertible 180° Netbook",https://www.amazon.com/256GB-1920x1080-Traditional-Computers-Convertible/dp/B0GY39CQ5Z/ref=sr_1_46?crid=3LC9VL11Q1Y6Z&dib=eyJ2IjoiMSJ9.n3cPJO3eToUpiiGQhSJpq1DgrcJQuDiB0lcqnXl3oK9Igynm3aoo5uUlYf3QXvYjlxofPhc5Ij-VN4HYFs6GN_y1BNGzHBA7pvHsBex6APE0RdpZryji9OuEJac6A2dgimh1Ivfg831Tn3hwVWflk-VBoJL4p2-YjarS0FSOOqVj6S8VLZTKd2GUpfD7n8-RcZxGc_D2khQBfuo8cX45U18VQCPm_0FxLC7z6BPzQmw.QsC7ZWgqPHRR_7XjhcBJY6kfvY52rUBOAISBfpejyo4&dib_tag=se&keywords=gaming+laptops&qid=1789819977&sprefix=%2Caps%2C392&sr=8-46&xpid=MMcXVFo9VX50C,https://m.media-amazon.com/images/I/711rNCNDeBL._AC_UY218_.jpg,3.9,(61),"PKR 66,519.23","PKR 17,916.59 delivery Tue, Sep 29","Tue, Sep 29",,,,"Tunhail
UL153
15.6 inches
Black
256 GB
Celeron N4000
8 GB
WIN
Numeric Keypad
Integrated"
,,,,,,,,,,,
,,,,,,,,,,,
,,,,,,,,,,,
"Acer Nitro V 16 AI Copilot+ PC Gaming Laptop | AMD Ryzen AI 5 340 Processor | NVIDIA GeForce RTX 5060 Laptop GPU | 16"" WUXGA IPS 180Hz Display | 16GB DDR5 | 512GB Gen 4 SSD | Wi-Fi 6E | ANV16-61-R2QY",https://www.amazon.com/acer-Copilot-Processor-GeForce-ANV16-61-R2QY/dp/B0FTGC4JT4/ref=sr_1_49?crid=3LC9VL11Q1Y6Z&dib=eyJ2IjoiMSJ9.IzCRMK29fcmFw9XuQ4yhl3H7VUIgI_nLILqZNTxU02S2A4igU5tVZ1mAC2liK8LTiAOOw8_HexSkhPWj88KFmpdjpsbXJfGKFAUOQuqPba22FTvaGg-Dp1XNLdaLJHBtnGgd6s7SsO6TF1YjInwpzyh-4dxGNg7I88kjBXNloiQqA3q1NPwrYUhJwIw9AJAxxgN6FoGcNNitc--qpQlfz0iKt91owt6KE6Azyzs_NBw.a0UvLC9HpKWQJVVL-AT38Rdtm3nC6Wg6IukFfcgvIrM&dib_tag=se&keywords=gaming+laptops&qid=1789820054&sprefix=%2Caps%2C392&sr=8-49&xpid=MMcXVFo9VX50C,https://m.media-amazon.com/images/I/71c4O3yIwfL._AC_UY218_.jpg,,,,,,,,,"Acer
Acer Nitro V 16 AI
16 inches
Black
512 GB
Ryzen AI 5
16 GB
Windows 11 Home
Backlit Keyboard, Memory Card Slot
Dedicated"
"Gaming laptop Core processor (up to 3.40GHz) 16GB RAM 512GB SSD,traditional laptop computers 15.6 Inch FHD Display 1920*1080,with WIFI BT 5.0 Lap top-For Students/Commuters/Business Professionals",https://www.amazon.com/processor-traditional-computers-Commuters-Professionals/dp/B0G6482YDW/ref=sr_1_50?crid=3LC9VL11Q1Y6Z&dib=eyJ2IjoiMSJ9.IzCRMK29fcmFw9XuQ4yhl3H7VUIgI_nLILqZNTxU02S2A4igU5tVZ1mAC2liK8LTiAOOw8_HexSkhPWj88KFmpdjpsbXJfGKFAUOQuqPba22FTvaGg-Dp1XNLdaLJHBtnGgd6s7SsO6TF1YjInwpzyh-4dxGNg7I88kjBXNloiQqA3q1NPwrYUhJwIw9AJAxxgN6FoGcNNitc--qpQlfz0iKt91owt6KE6Azyzs_NBw.a0UvLC9HpKWQJVVL-AT38Rdtm3nC6Wg6IukFfcgvIrM&dib_tag=se&keywords=gaming+laptops&qid=1789820054&sprefix=%2Caps%2C392&sr=8-50&xpid=MMcXVFo9VX50C,https://m.media-amazon.com/images/I/71iX2hcAunL._AC_UY218_.jpg,3.8,(23),"PKR 85,921.48","PKR 17,916.59 delivery Tue, Sep 29","Tue, Sep 29",,,,"YOZISUAN
M3 8100Y
15.6 inches
Black and Silver
512 GB
Core m3-8100Y
16 GB
Windows 11 Pro
Privacy Camera, Portable, Memory Card Slot
Integrated"
"NIMO 17.3"" Copilot+ AI Laptop, AMD Ryzen AI 9 HX 370 (Up to 5.1GHz), 64GB DDR5 RAM 1TB SSD, Radeon 890M, 144Hz FHD Display, 100W Fast PD, USB 4.0, Fingerprint, Win 11 Gaming Laptop with 2Y Warranty",https://www.amazon.com/NIMO-Copilot-Display-Fingerprint-Warranty/dp/B0H7BMGYP5/ref=sr_1_51?crid=3LC9VL11Q1Y6Z&dib=eyJ2IjoiMSJ9.IzCRMK29fcmFw9XuQ4yhl3H7VUIgI_nLILqZNTxU02S2A4igU5tVZ1mAC2liK8LTiAOOw8_HexSkhPWj88KFmpdjpsbXJfGKFAUOQuqPba22FTvaGg-Dp1XNLdaLJHBtnGgd6s7SsO6TF1YjInwpzyh-4dxGNg7I88kjBXNloiQqA3q1NPwrYUhJwIw9AJAxxgN6FoGcNNitc--qpQlfz0iKt91owt6KE6Azyzs_NBw.a0UvLC9HpKWQJVVL-AT38Rdtm3nC6Wg6IukFfcgvIrM&dib_tag=se&keywords=gaming+laptops&qid=1789820054&sprefix=%2Caps%2C392&sr=8-51&xpid=MMcXVFo9VX50C,https://m.media-amazon.com/images/I/7180wTSZH8L._AC_UY218_.jpg,4.5,(25),,,,,,,"NIMO
NIMO N178
17.3 inches
Black
1024 GB
Ryzen 9
64 GB
Windows 11
Backlit Keyboard, Fingerprint Reader, HD Audio, Numeric Keypad
16 Compute Units, RDNA 3.5 Architecture, Up to 2.9GHz, AI & Gaming Ready"
,,,,,,,,,,,
,,,,,,,,,,,
"ASUS TUF Gaming A14 Copilot+ PC Gaming Laptop, 14” WQXGA 16:10 165Hz Display, AMD Ryzen™ AI Max+ 392 Processor, 32GB LPDDR5X, 1TB PCIe® Gen 4.0 SSD, Wi-Fi 6E, Windows 11 Home, FA401, Jaegar Gray",https://www.amazon.com/ASUS-Gaming-Copilot-Laptop-WQXGA/dp/B0GPT6QPXL/ref=sr_1_52?crid=3LC9VL11Q1Y6Z&dib=eyJ2IjoiMSJ9.IzCRMK29fcmFw9XuQ4yhl3H7VUIgI_nLILqZNTxU02S2A4igU5tVZ1mAC2liK8LTiAOOw8_HexSkhPWj88KFmpdjpsbXJfGKFAUOQuqPba22FTvaGg-Dp1XNLdaLJHBtnGgd6s7SsO6TF1YjInwpzyh-4dxGNg7I88kjBXNloiQqA3q1NPwrYUhJwIw9AJAxxgN6FoGcNNitc--qpQlfz0iKt91owt6KE6Azyzs_NBw.a0UvLC9HpKWQJVVL-AT38Rdtm3nC6Wg6IukFfcgvIrM&dib_tag=se&keywords=gaming+laptops&qid=1789820054&sprefix=%2Caps%2C392&sr=8-52&xpid=MMcXVFo9VX50C,https://m.media-amazon.com/images/I/71GnmMYIu8L._AC_UY218_.jpg,4.2,(7),"PKR 516,097.08","PKR 19,563.01 delivery Tue, Sep 29","Tue, Sep 29","PKR609,782.23",,,"ASUS
Tuf Gaming A14
14 inches
Jaegar Gray
1000 GB
Ryzen AI Max
32 GB
Windows 11 Home
Quad-Channel Unified Memory Design
Integrated"
"Lenovo Legion Pro 7i Gen 10 w/Ultra 9, RTX 5090, 64GB RAM, 2TB,16” OLED",https://www.amazon.com/Lenovo-Legion-Gaming-GeForce-Windows/dp/B0FK453MMS/ref=sr_1_53?crid=3LC9VL11Q1Y6Z&dib=eyJ2IjoiMSJ9.IzCRMK29fcmFw9XuQ4yhl3H7VUIgI_nLILqZNTxU02S2A4igU5tVZ1mAC2liK8LTiAOOw8_HexSkhPWj88KFmpdjpsbXJfGKFAUOQuqPba22FTvaGg-Dp1XNLdaLJHBtnGgd6s7SsO6TF1YjInwpzyh-4dxGNg7I88kjBXNloiQqA3q1NPwrYUhJwIw9AJAxxgN6FoGcNNitc--qpQlfz0iKt91owt6KE6Azyzs_NBw.a0UvLC9HpKWQJVVL-AT38Rdtm3nC6Wg6IukFfcgvIrM&dib_tag=se&keywords=gaming+laptops&qid=1789820054&sprefix=%2Caps%2C392&sr=8-53&xpid=MMcXVFo9VX50C,https://m.media-amazon.com/images/I/515W50hwJmL._AC_UY218_.jpg,4.6,(37),"PKR 1,662,772.82","PKR 36,390.31 delivery Oct 9 - 30",Oct 9 - 30,,,,"Lenovo
Lenovo
16 inches
Black
2 TB
Intel Core Ultra 9
64 GB
Windows 11 Home
Backlit Keyboard
Dedicated"
"Lenovo Gaming Laptop, AMD 6-core Ryzen 5 7535HS, 8GB DDR5 RAM, 256GB PCIe SSD, Radeon 660M Graphics, 15"" FHD IPS Display, Copilot AI Assistant PC, BT 5.3, Wi-Fi 6, Moonlight Grey Windows 11 Home",https://www.amazon.com/Lenovo-Graphics-Display-Assistant-Moonlight/dp/B0GSDGG7YK/ref=sr_1_54?crid=3LC9VL11Q1Y6Z&dib=eyJ2IjoiMSJ9.IzCRMK29fcmFw9XuQ4yhl3H7VUIgI_nLILqZNTxU02S2A4igU5tVZ1mAC2liK8LTiAOOw8_HexSkhPWj88KFmpdjpsbXJfGKFAUOQuqPba22FTvaGg-Dp1XNLdaLJHBtnGgd6s7SsO6TF1YjInwpzyh-4dxGNg7I88kjBXNloiQqA3q1NPwrYUhJwIw9AJAxxgN6FoGcNNitc--qpQlfz0iKt91owt6KE6Azyzs_NBw.a0UvLC9HpKWQJVVL-AT38Rdtm3nC6Wg6IukFfcgvIrM&dib_tag=se&keywords=gaming+laptops&qid=1789820054&sprefix=%2Caps%2C392&sr=8-54&xpid=MMcXVFo9VX50C,https://m.media-amazon.com/images/I/71mNnJwVopL._AC_UY218_.jpg,4.3,(44),,,,,,,"Lenovo
IdeaPad Slim 3 15
15.3 inches
Luna Grey
256 GB
AMD Ryzen 5 7535HS
8 GB
Windows 11 Home
HD Audio
Integrated"
"ASUS ROG Flow Z13 (2025) Gaming Laptop, 13” ROG Nebula 16:10 2.5K 180Hz/3ms, the AMD Ryzen AI MAX 390 Processor, the RDNA 3.5 Graphics, 32GB LPDDR5X 8000MHz, 1TB PCIe Gen 4 SSD, Wi-Fi 7, Win 11 Home",https://www.amazon.com/ASUS-Nebula-Touchscreen-Convertible-Notebook/dp/B0FC34KFSP/ref=sr_1_55?crid=3LC9VL11Q1Y6Z&dib=eyJ2IjoiMSJ9.IzCRMK29fcmFw9XuQ4yhl3H7VUIgI_nLILqZNTxU02S2A4igU5tVZ1mAC2liK8LTiAOOw8_HexSkhPWj88KFmpdjpsbXJfGKFAUOQuqPba22FTvaGg-Dp1XNLdaLJHBtnGgd6s7SsO6TF1YjInwpzyh-4dxGNg7I88kjBXNloiQqA3q1NPwrYUhJwIw9AJAxxgN6FoGcNNitc--qpQlfz0iKt91owt6KE6Azyzs_NBw.a0UvLC9HpKWQJVVL-AT38Rdtm3nC6Wg6IukFfcgvIrM&dib_tag=se&keywords=gaming+laptops&qid=1789820054&sprefix=%2Caps%2C392&sr=8-55&xpid=MMcXVFo9VX50C,https://m.media-amazon.com/images/I/31qsZI1V8NL._AC_UY218_.jpg,4.0,(18),"PKR 552,964.12","PKR 21,871.88 delivery Sep 28 - Oct 2",Sep 28 - Oct 2,"PKR582,064.73",,,"ASUS
ROG Flow Z13
13.4 inches
Off Black
1 TB
Ryzen AI Max
32 GB
Windows 11 Home
Portable
Dedicated"
"NIMO 17.3"" Light Gaming Laptop, AMD Ryzen 9 8945HS, 16GB DDR5 RAM 1TB SSD",https://www.amazon.com/NIMO-Light-Gaming-Laptop-8945HS/dp/B0H3TQ78C6/ref=sr_1_56?crid=3LC9VL11Q1Y6Z&dib=eyJ2IjoiMSJ9.IzCRMK29fcmFw9XuQ4yhl3H7VUIgI_nLILqZNTxU02S2A4igU5tVZ1mAC2liK8LTiAOOw8_HexSkhPWj88KFmpdjpsbXJfGKFAUOQuqPba22FTvaGg-Dp1XNLdaLJHBtnGgd6s7SsO6TF1YjInwpzyh-4dxGNg7I88kjBXNloiQqA3q1NPwrYUhJwIw9AJAxxgN6FoGcNNitc--qpQlfz0iKt91owt6KE6Azyzs_NBw.a0UvLC9HpKWQJVVL-AT38Rdtm3nC6Wg6IukFfcgvIrM&dib_tag=se&keywords=gaming+laptops&qid=1789820054&sprefix=%2Caps%2C392&sr=8-56&xpid=MMcXVFo9VX50C,https://m.media-amazon.com/images/I/5128bGUxjDL._AC_UY218_.jpg,5.0,(4),,,,,,,"NIMO
NIMO N175
17.3 inches
Black
1024 GB
AMD Ryzen 9 8945HS
16 GB
Windows 11
Backlit Keyboard, Fingerprint Reader, HD Audio, Lightweight, Numeric Keypad
Integrated"
ASUS ROG Strix G16 Gaming Laptop GeForce RTX 5070Ti 8GB AMD Ryzen 9 CPU,https://www.amazon.com/ASUS-Gaming-Laptop-GeForce-5070Ti/dp/B0H9XHQ6QS/ref=sr_1_57?crid=3LC9VL11Q1Y6Z&dib=eyJ2IjoiMSJ9.IzCRMK29fcmFw9XuQ4yhl3H7VUIgI_nLILqZNTxU02S2A4igU5tVZ1mAC2liK8LTiAOOw8_HexSkhPWj88KFmpdjpsbXJfGKFAUOQuqPba22FTvaGg-Dp1XNLdaLJHBtnGgd6s7SsO6TF1YjInwpzyh-4dxGNg7I88kjBXNloiQqA3q1NPwrYUhJwIw9AJAxxgN6FoGcNNitc--qpQlfz0iKt91owt6KE6Azyzs_NBw.a0UvLC9HpKWQJVVL-AT38Rdtm3nC6Wg6IukFfcgvIrM&dib_tag=se&keywords=gaming+laptops&qid=1789820054&sprefix=%2Caps%2C392&sr=8-57&xpid=MMcXVFo9VX50C,https://m.media-amazon.com/images/I/71mtuclV-0L._AC_UY218_.jpg,4.9,(26),,,,,,,"ASUS
ASUS ROG Strix G16
16 inches
Gray
1 TB
Ryzen 9
32 GB
Windows 11 Pro
165Hz, AMD Ryzen 9, Anti Glare Coating, Backlit Keyboard, NVIDIA GeForce RTX 5070Ti
Dedicated"
"NIMO Light Gaming Laptop, AMD Ryzen 7 7735HS 8 Core (Up to 4.75GHz), 15.6""",https://www.amazon.com/NIMO-Gaming-Laptop-7735HS-4-75GHz/dp/B0H2HB5T4W/ref=sr_1_58?crid=3LC9VL11Q1Y6Z&dib=eyJ2IjoiMSJ9.IzCRMK29fcmFw9XuQ4yhl3H7VUIgI_nLILqZNTxU02S2A4igU5tVZ1mAC2liK8LTiAOOw8_HexSkhPWj88KFmpdjpsbXJfGKFAUOQuqPba22FTvaGg-Dp1XNLdaLJHBtnGgd6s7SsO6TF1YjInwpzyh-4dxGNg7I88kjBXNloiQqA3q1NPwrYUhJwIw9AJAxxgN6FoGcNNitc--qpQlfz0iKt91owt6KE6Azyzs_NBw.a0UvLC9HpKWQJVVL-AT38Rdtm3nC6Wg6IukFfcgvIrM&dib_tag=se&keywords=gaming+laptops&qid=1789820054&sprefix=%2Caps%2C392&sr=8-58&xpid=MMcXVFo9VX50C,https://m.media-amazon.com/images/I/717ackB8xuL._AC_UY218_.jpg,4.3,(27),,,,,,,"NIMO
NIMO N159
15.6 inches
Black
512 GB
AMD Ryzen 7
16 GB
Windows 11
Backlit Keyboard, Fingerprint Reader, HD Audio, Numeric Keypad
Integrated"
"msi Vector 16"" Gaming Laptop 2026,Core Ultra 7 255HX,GeForce RTX 5070 Ti",https://www.amazon.com/msi-Vector-16-Gaming-GeForce/dp/B0HF4JTCPJ/ref=sr_1_59?crid=3LC9VL11Q1Y6Z&dib=eyJ2IjoiMSJ9.IzCRMK29fcmFw9XuQ4yhl3H7VUIgI_nLILqZNTxU02S2A4igU5tVZ1mAC2liK8LTiAOOw8_HexSkhPWj88KFmpdjpsbXJfGKFAUOQuqPba22FTvaGg-Dp1XNLdaLJHBtnGgd6s7SsO6TF1YjInwpzyh-4dxGNg7I88kjBXNloiQqA3q1NPwrYUhJwIw9AJAxxgN6FoGcNNitc--qpQlfz0iKt91owt6KE6Azyzs_NBw.a0UvLC9HpKWQJVVL-AT38Rdtm3nC6Wg6IukFfcgvIrM&dib_tag=se&keywords=gaming+laptops&qid=1789820054&sprefix=%2Caps%2C392&sr=8-59&xpid=MMcXVFo9VX50C,https://m.media-amazon.com/images/I/51efY0BXUiL._AC_UY218_.jpg,5.0,(2),"PKR 498,773.64","PKR 45,456.70 delivery Sep 28 - Oct 5",Sep 28 - Oct 5,,,,"msi
Vector 16
16 inches
Cosmo Gray
1 TB
Intel Core Ultra 7
16 GB
Windows 11 Home
Anti Glare Coating, Backlit Keyboard, HD Audio, Numeric Keypad
Dedicated"
"Acer Aspire Go 15 AI Ready Laptop | 15.6"" FHD (1920 x 1080) IPS Display | AMD Ryzen 7 7730U | AMD Radeon Graphics | 16GB DDR4 | 512GB PCIe Gen4 SSD | Wi-Fi 6 | Windows 11 Home | AG15-42P-R9FW",https://www.amazon.com/acer-Display-Graphics-Windows-AG15-42P-R9FW/dp/B0FT3NRVL6/ref=sr_1_60?crid=3LC9VL11Q1Y6Z&dib=eyJ2IjoiMSJ9.IzCRMK29fcmFw9XuQ4yhl3H7VUIgI_nLILqZNTxU02S2A4igU5tVZ1mAC2liK8LTiAOOw8_HexSkhPWj88KFmpdjpsbXJfGKFAUOQuqPba22FTvaGg-Dp1XNLdaLJHBtnGgd6s7SsO6TF1YjInwpzyh-4dxGNg7I88kjBXNloiQqA3q1NPwrYUhJwIw9AJAxxgN6FoGcNNitc--qpQlfz0iKt91owt6KE6Azyzs_NBw.a0UvLC9HpKWQJVVL-AT38Rdtm3nC6Wg6IukFfcgvIrM&dib_tag=se&keywords=gaming+laptops&qid=1789820054&sprefix=%2Caps%2C392&sr=8-60&xpid=MMcXVFo9VX50C,https://m.media-amazon.com/images/I/71FPI17lWZL._AC_UY218_.jpg,4.3,(140),,,,,,,"Acer
Aspire Go 15
15.6 inches
Gray
512 GB
AMD Ryzen 7
16 GB
Windows 11 Home
Copilot in Windows
Integrated"
"Lenovo LOQ - 2026 - Gaming Laptop - NVIDIA GeForce RTX 5060-15.3"" WUXGA IPS Display - 165Hz Refresh Rate - Ryzen 7 250-16GB Memory - 1TB Storage - Luna Grey",https://www.amazon.com/Lenovo-LOQ-GeForce-5060-15-3-250-16GB/dp/B0GNB7XQX5/ref=sr_1_61?crid=3LC9VL11Q1Y6Z&dib=eyJ2IjoiMSJ9.IzCRMK29fcmFw9XuQ4yhl3H7VUIgI_nLILqZNTxU02S2A4igU5tVZ1mAC2liK8LTiAOOw8_HexSkhPWj88KFmpdjpsbXJfGKFAUOQuqPba22FTvaGg-Dp1XNLdaLJHBtnGgd6s7SsO6TF1YjInwpzyh-4dxGNg7I88kjBXNloiQqA3q1NPwrYUhJwIw9AJAxxgN6FoGcNNitc--qpQlfz0iKt91owt6KE6Azyzs_NBw.a0UvLC9HpKWQJVVL-AT38Rdtm3nC6Wg6IukFfcgvIrM&dib_tag=se&keywords=gaming+laptops&qid=1789820054&sprefix=%2Caps%2C392&sr=8-61&xpid=MMcXVFo9VX50C,https://m.media-amazon.com/images/I/817rDCV7aaL._AC_UY218_.jpg,5.0,(2),,,,,,,"Lenovo
LOQ
15.3 inches
Luna Grey
1 TB
Ryzen 7
16 GB
Windows 11 Home
165Hz Refresh Rate
Dedicated"
"Lenovo Legion 5a - 2026 - Gaming Laptop - NVIDIA GeForce RTX 5060-15.3"" OLED WQXGA Display - 165Hz Refresh Rate - Ryzen 7 250-32GB Memory - 1TB Storage - Eclipse Black",https://www.amazon.com/Lenovo-Legion-5a-5060-15-3-250-32GB/dp/B0GNB91TWT/ref=sr_1_62?crid=3LC9VL11Q1Y6Z&dib=eyJ2IjoiMSJ9.IzCRMK29fcmFw9XuQ4yhl3H7VUIgI_nLILqZNTxU02S2A4igU5tVZ1mAC2liK8LTiAOOw8_HexSkhPWj88KFmpdjpsbXJfGKFAUOQuqPba22FTvaGg-Dp1XNLdaLJHBtnGgd6s7SsO6TF1YjInwpzyh-4dxGNg7I88kjBXNloiQqA3q1NPwrYUhJwIw9AJAxxgN6FoGcNNitc--qpQlfz0iKt91owt6KE6Azyzs_NBw.a0UvLC9HpKWQJVVL-AT38Rdtm3nC6Wg6IukFfcgvIrM&dib_tag=se&keywords=gaming+laptops&qid=1789820054&sprefix=%2Caps%2C392&sr=8-62&xpid=MMcXVFo9VX50C,https://m.media-amazon.com/images/I/71fO-xVnlKL._AC_UY218_.jpg,5.0,(4),"PKR 613,088.93","PKR 21,320.30 delivery Tue, Sep 29","Tue, Sep 29",,,,"Lenovo
Legion 5a
15.3 inches
Black
1 TB
Ryzen 7
32 GB
Windows 11 Home
OLED Display, High Refresh Rate
Dedicated"
,,,,,,,,,,,
,,,,,,,,,,,
,,,,,,,,,,,
"Dell Alien-Ware 16X Aurora Gaming AI Laptop 16"" WQXGA 240Hz (100% DCI-P3) Intel 24-core Ultra 9 275HX 32GB RAM 2TB SSD GeForce RTX 5070 (Up to 798 AI Tops) Thunderbolt Win11Pro",https://www.amazon.com/Dell-Alienware-24-core-Thunderbolt-Win11Pro/dp/B0FWCQ2B6J/ref=sr_1_65?crid=3LC9VL11Q1Y6Z&dib=eyJ2IjoiMSJ9.dwPtF6eJbyoWw8261cLcaI-W0s7trK145v-2Bn4RUzPRo5d1D1dOEUOSzF1UPXEM-a6B93MSc6XfDQANSuL14G9KfgWgYspCgI-ARBS-93fep4kwH6gZLdE_5Pky0Dt2Aakjyj2GPWAgPFT2Ao5zGYQFW1yvtxU7kHULSiAnL7x5XiYCrftGhEzszJtcHPLZkUD8sY17JFp6J_SY-3Rb1rkdUyM96H9jt2tU8NhkVq0.kqcgCMqoV4FzgOICsJ2fqgV4815gze9bJcHIUhHwUaM&dib_tag=se&keywords=gaming+laptops&qid=1789820142&sprefix=%2Caps%2C392&sr=8-65&xpid=MMcXVFo9VX50C,https://m.media-amazon.com/images/I/71o0ASklb9L._AC_UY218_.jpg,4.7,(10),,,,,,,"Dell
Dell
16 inches
Black
2 TB
Intel Core Ultra 9
32 GB
Windows 11 Pro
Dedicated
NVIDIA GeForce RTX 5070"
"NIMO 17.3"" FHD Gaming Laptop AMD Ryzen 5 6600H 16GB DDR5 RAM 512GB SSD",https://www.amazon.com/NIMO-Gaming-Laptop-Ryzen-6600H/dp/B0H7J2GR7Q/ref=sr_1_66?crid=3LC9VL11Q1Y6Z&dib=eyJ2IjoiMSJ9.dwPtF6eJbyoWw8261cLcaI-W0s7trK145v-2Bn4RUzPRo5d1D1dOEUOSzF1UPXEM-a6B93MSc6XfDQANSuL14G9KfgWgYspCgI-ARBS-93fep4kwH6gZLdE_5Pky0Dt2Aakjyj2GPWAgPFT2Ao5zGYQFW1yvtxU7kHULSiAnL7x5XiYCrftGhEzszJtcHPLZkUD8sY17JFp6J_SY-3Rb1rkdUyM96H9jt2tU8NhkVq0.kqcgCMqoV4FzgOICsJ2fqgV4815gze9bJcHIUhHwUaM&dib_tag=se&keywords=gaming+laptops&qid=1789820142&sprefix=%2Caps%2C392&sr=8-66&xpid=MMcXVFo9VX50C,https://m.media-amazon.com/images/I/718w0Qy7nSL._AC_UY218_.jpg,4.8,(17),,,,,,,"NIMO
NIMO N173
17.3 inches
Gray
512 GB
Ryzen 5
16 GB
Windows 11
Backlit Keyboard, Fingerprint Reader, HD Audio, Numeric Keypad
Integrated"
"Lenovo Legion Pro 7i Gen 10 16"" Gaming Laptop (2025 Model) Intel Core Ultra 9 275HX 24C, NVIDIA GeForce RTX 5080 16GB, 64GB RAM, 2TB (1TB+1TB) NVMe SSD, 16.0"" WQXGA OLED 500 nits 240Hz, Windows 11 Pro",https://www.amazon.com/Lenovo-Legion-Gaming-GeForce-Windows/dp/B0F3JC9F6L/ref=sr_1_67?crid=3LC9VL11Q1Y6Z&dib=eyJ2IjoiMSJ9.dwPtF6eJbyoWw8261cLcaI-W0s7trK145v-2Bn4RUzPRo5d1D1dOEUOSzF1UPXEM-a6B93MSc6XfDQANSuL14G9KfgWgYspCgI-ARBS-93fep4kwH6gZLdE_5Pky0Dt2Aakjyj2GPWAgPFT2Ao5zGYQFW1yvtxU7kHULSiAnL7x5XiYCrftGhEzszJtcHPLZkUD8sY17JFp6J_SY-3Rb1rkdUyM96H9jt2tU8NhkVq0.kqcgCMqoV4FzgOICsJ2fqgV4815gze9bJcHIUhHwUaM&dib_tag=se&keywords=gaming+laptops&qid=1789820142&sprefix=%2Caps%2C392&sr=8-67&xpid=MMcXVFo9VX50C,https://m.media-amazon.com/images/I/515W50hwJmL._AC_UY218_.jpg,4.6,(59),,,,,,,"Lenovo
Legion Pro 7i Gen 10
16 inches
Eclipse Black
2 TB
Intel Core Ultra 9
64 GB
Windows 11 Pro
Backlit Keyboard
Dedicated"
,,,,,,,,,,,
,,,,,,,,,,,
HP OMEN 16 RTX 5070 AMD Ryzen 9 8940HX 240Hz Gaming Laptop,https://www.amazon.com/HP-Gaming-Backlit-Thunderobot-Windows/dp/B0G611BH8M/ref=sr_1_68?crid=3LC9VL11Q1Y6Z&dib=eyJ2IjoiMSJ9.dwPtF6eJbyoWw8261cLcaI-W0s7trK145v-2Bn4RUzPRo5d1D1dOEUOSzF1UPXEM-a6B93MSc6XfDQANSuL14G9KfgWgYspCgI-ARBS-93fep4kwH6gZLdE_5Pky0Dt2Aakjyj2GPWAgPFT2Ao5zGYQFW1yvtxU7kHULSiAnL7x5XiYCrftGhEzszJtcHPLZkUD8sY17JFp6J_SY-3Rb1rkdUyM96H9jt2tU8NhkVq0.kqcgCMqoV4FzgOICsJ2fqgV4815gze9bJcHIUhHwUaM&dib_tag=se&keywords=gaming+laptops&qid=1789820142&sprefix=%2Caps%2C392&sr=8-68&xpid=MMcXVFo9VX50C,https://m.media-amazon.com/images/I/716nWmIgDQL._AC_UY218_.jpg,4.6,(20),,,,,,,"HP
TPN-Q305
16.1 inches
Black
1 TB
Ryzen 9
32 GB
Windows 11 Home
Backlit Keyboard, Numeric Keypad
Dedicated"
"Dell 15.6 Laptop, AMD Ryzen 5 7520U with Radeon 610M, Windows 11 Home",https://www.amazon.com/Dell-Laptop-Ryzen-Radeon-Windows/dp/B0FCTFGTPY/ref=sr_1_69?crid=3LC9VL11Q1Y6Z&dib=eyJ2IjoiMSJ9.dwPtF6eJbyoWw8261cLcaI-W0s7trK145v-2Bn4RUzPRo5d1D1dOEUOSzF1UPXEM-a6B93MSc6XfDQANSuL14G9KfgWgYspCgI-ARBS-93fep4kwH6gZLdE_5Pky0Dt2Aakjyj2GPWAgPFT2Ao5zGYQFW1yvtxU7kHULSiAnL7x5XiYCrftGhEzszJtcHPLZkUD8sY17JFp6J_SY-3Rb1rkdUyM96H9jt2tU8NhkVq0.kqcgCMqoV4FzgOICsJ2fqgV4815gze9bJcHIUhHwUaM&dib_tag=se&keywords=gaming+laptops&qid=1789820142&sprefix=%2Caps%2C392&sr=8-69&xpid=MMcXVFo9VX50C,https://m.media-amazon.com/images/I/71jQbkYw5KL._AC_UY218_.jpg,4.3,(229),,,,,,,"Dell
Dell 15 DC15255 Laptop
15.6 inches
Carbon Black
512 GB
Ryzen 5
8 GB
Windows 11 Home
Poseable Figurines
Dedicated"
"ASUS ROG Strix G18 Gaming Laptop 2026 RTX 5070, Intel 24-Core Ultra 9 275HX",https://www.amazon.com/ASUS-Strix-Gaming-Laptop-24-Core/dp/B0DDPRZXLC/ref=sr_1_70?crid=3LC9VL11Q1Y6Z&dib=eyJ2IjoiMSJ9.dwPtF6eJbyoWw8261cLcaI-W0s7trK145v-2Bn4RUzPRo5d1D1dOEUOSzF1UPXEM-a6B93MSc6XfDQANSuL14G9KfgWgYspCgI-ARBS-93fep4kwH6gZLdE_5Pky0Dt2Aakjyj2GPWAgPFT2Ao5zGYQFW1yvtxU7kHULSiAnL7x5XiYCrftGhEzszJtcHPLZkUD8sY17JFp6J_SY-3Rb1rkdUyM96H9jt2tU8NhkVq0.kqcgCMqoV4FzgOICsJ2fqgV4815gze9bJcHIUhHwUaM&dib_tag=se&keywords=gaming+laptops&qid=1789820142&sprefix=%2Caps%2C392&sr=8-70&xpid=MMcXVFo9VX50C,https://m.media-amazon.com/images/I/71wEatTw4HL._AC_UY218_.jpg,5.0,(4),,,,,,,"ASUS
18 inches
QXGA Wide
16:10
1 	milliseconds	"
"MSI Vector 16 HX AI Gaming Laptop, Intel Ultra 9 275HX(Up to 5.4GHz), NVIDIA RTX 5080 16GB GDDR7, 16"" QHD+ 240Hz, Wi-Fi 7, 32 GB DDR5, 2 TB SSD, RGB Backlit Keyboard, Windows 11 Pro, w/Accessories",https://www.amazon.com/Vector-Backlit-Keyboard-Windows-Accessories/dp/B0FWK2KV1Y/ref=sr_1_71?crid=3LC9VL11Q1Y6Z&dib=eyJ2IjoiMSJ9.dwPtF6eJbyoWw8261cLcaI-W0s7trK145v-2Bn4RUzPRo5d1D1dOEUOSzF1UPXEM-a6B93MSc6XfDQANSuL14G9KfgWgYspCgI-ARBS-93fep4kwH6gZLdE_5Pky0Dt2Aakjyj2GPWAgPFT2Ao5zGYQFW1yvtxU7kHULSiAnL7x5XiYCrftGhEzszJtcHPLZkUD8sY17JFp6J_SY-3Rb1rkdUyM96H9jt2tU8NhkVq0.kqcgCMqoV4FzgOICsJ2fqgV4815gze9bJcHIUhHwUaM&dib_tag=se&keywords=gaming+laptops&qid=1789820142&sprefix=%2Caps%2C392&sr=8-71&xpid=MMcXVFo9VX50C,https://m.media-amazon.com/images/I/71T-F35l9jL._AC_UY218_.jpg,3.0,(2),,,,,,,"msi
Vector 16 HX AI 400
16 inches
Gray
2 TB
Intel Core Ultra 9
32 GB
Windows 11 Pro
16"" QHD+ 240Hz, Backlit Keyboard, Intel Ultra 9 Processor, NVIDIA RTX 5080, Wi-Fi 7
Dedicated"
"Alienware 16X Gaming Laptop, RTX5070, Intel Ultra 9 290HX, Windows 11 Home",https://www.amazon.com/Alienware-Gaming-Laptop-RTX5070-Windows/dp/B0H5D3PQ1M/ref=sr_1_72?crid=3LC9VL11Q1Y6Z&dib=eyJ2IjoiMSJ9.dwPtF6eJbyoWw8261cLcaI-W0s7trK145v-2Bn4RUzPRo5d1D1dOEUOSzF1UPXEM-a6B93MSc6XfDQANSuL14G9KfgWgYspCgI-ARBS-93fep4kwH6gZLdE_5Pky0Dt2Aakjyj2GPWAgPFT2Ao5zGYQFW1yvtxU7kHULSiAnL7x5XiYCrftGhEzszJtcHPLZkUD8sY17JFp6J_SY-3Rb1rkdUyM96H9jt2tU8NhkVq0.kqcgCMqoV4FzgOICsJ2fqgV4815gze9bJcHIUhHwUaM&dib_tag=se&keywords=gaming+laptops&qid=1789820142&sprefix=%2Caps%2C392&sr=8-72&xpid=MMcXVFo9VX50C,https://m.media-amazon.com/images/I/715N4pI0ZoL._AC_UY218_.jpg,,,,,,,,,"Alienware
Dell Alienware 16X Aurora Ac16251 Laptop
16 inches
Blue
1 TB
Intel Core Ultra 9
32 GB
Windows 11 Home
Anti Glare Coating, Backlit Keyboard, Numeric Keypad
Dedicated"
"ASUS ROG Strix G18 Gaming Laptop, 18” 2.5K 240Hz Nebula Display, Intel Core Ultra 9 275HX, GeForce RTX 5060, 32 GB DDR5-5600, 2 TB SSD, Wi-Fi 7, Windows 11 Pro, RGB Backlit KB, ROG Cooling, Gaming PC",https://www.amazon.com/ASUS-Display-GeForce-DDR5-5600-Windows/dp/B0H2W3TXK5/ref=sr_1_73?crid=3LC9VL11Q1Y6Z&dib=eyJ2IjoiMSJ9.dwPtF6eJbyoWw8261cLcaI-W0s7trK145v-2Bn4RUzPRo5d1D1dOEUOSzF1UPXEM-a6B93MSc6XfDQANSuL14G9KfgWgYspCgI-ARBS-93fep4kwH6gZLdE_5Pky0Dt2Aakjyj2GPWAgPFT2Ao5zGYQFW1yvtxU7kHULSiAnL7x5XiYCrftGhEzszJtcHPLZkUD8sY17JFp6J_SY-3Rb1rkdUyM96H9jt2tU8NhkVq0.kqcgCMqoV4FzgOICsJ2fqgV4815gze9bJcHIUhHwUaM&dib_tag=se&keywords=gaming+laptops&qid=1789820142&sprefix=%2Caps%2C392&sr=8-73&xpid=MMcXVFo9VX50C,https://m.media-amazon.com/images/I/81FBo44dgGL._AC_UY218_.jpg,5.0,(3),,,,,,,"ASUS
ASUS ROG Strix G18
18 inches
Eclipse Gray
2 TB
Intel Core Ultra 9
32 GB
Windows 11 Pro
 18"" 2.5K 240Hz Nebula Display, Intel Core Ultra 9 275HX AI Processor, ROG Intelligent Cooling System, RTX 5060 Laptop GPU, Wi-Fi 7 & Bluetooth 5.418"" 2.5K 240Hz Nebula Display, Intel Core Ultra 9 275HX AI Processor, ROG Intelligent Cooling System, RTX 5060 Laptop GPU, Wi-Fi 7 & Bluetooth 5.4 
Dedicated"
"2026 AMD Gaming Laptop with Ryzen 5 7430U Processor(6C/12T, Up to 4.3GHz), 15.6"" Display Gaming Computer, AMD Radeon™ Graphics, 16GB RAM 512GB NVMe SSD, BK, WiFi 6, HDMI, Type-C, Webcam Cover Slide",https://www.amazon.com/Processor-Display-Computer-RadeonTM-Graphics/dp/B0H2VXLKN4/ref=sr_1_74?crid=3LC9VL11Q1Y6Z&dib=eyJ2IjoiMSJ9.dwPtF6eJbyoWw8261cLcaI-W0s7trK145v-2Bn4RUzPRo5d1D1dOEUOSzF1UPXEM-a6B93MSc6XfDQANSuL14G9KfgWgYspCgI-ARBS-93fep4kwH6gZLdE_5Pky0Dt2Aakjyj2GPWAgPFT2Ao5zGYQFW1yvtxU7kHULSiAnL7x5XiYCrftGhEzszJtcHPLZkUD8sY17JFp6J_SY-3Rb1rkdUyM96H9jt2tU8NhkVq0.kqcgCMqoV4FzgOICsJ2fqgV4815gze9bJcHIUhHwUaM&dib_tag=se&keywords=gaming+laptops&qid=1789820142&sprefix=%2Caps%2C392&sr=8-74&xpid=MMcXVFo9VX50C,https://m.media-amazon.com/images/I/712a4JLYAkL._AC_UY218_.jpg,4.3,(85),"PKR 243,911.23","PKR 18,897.79 delivery Tue, Sep 29","Tue, Sep 29",,,,"MALLRACE
LX15PRO
15.6 inches
Cool Gray
512 GB
Ryzen 5
16 GB
Windows 11 Pro
Numeric Keypad
AMD"
"NIMO 15.6"" IPS FHD-Light Gaming-Laptop,AMD Ryzen 5 6600H 16GB DDR5 RAM 512GB SSD (Beat i5-1335U, 6 Cores Up to 4.5GHz) AMD Radeon 660M GPU-Computer with 100W Type-C Backlit Keyboard Fingerprint",https://www.amazon.com/NIMO-FHD-Light-Gaming-Laptop-GPU-Computer-Fingerprint/dp/B0GMWP353J/ref=sr_1_75?crid=3LC9VL11Q1Y6Z&dib=eyJ2IjoiMSJ9.dwPtF6eJbyoWw8261cLcaI-W0s7trK145v-2Bn4RUzPRo5d1D1dOEUOSzF1UPXEM-a6B93MSc6XfDQANSuL14G9KfgWgYspCgI-ARBS-93fep4kwH6gZLdE_5Pky0Dt2Aakjyj2GPWAgPFT2Ao5zGYQFW1yvtxU7kHULSiAnL7x5XiYCrftGhEzszJtcHPLZkUD8sY17JFp6J_SY-3Rb1rkdUyM96H9jt2tU8NhkVq0.kqcgCMqoV4FzgOICsJ2fqgV4815gze9bJcHIUhHwUaM&dib_tag=se&keywords=gaming+laptops&qid=1789820142&sprefix=%2Caps%2C392&sr=8-75&xpid=MMcXVFo9VX50C,https://m.media-amazon.com/images/I/71x6QOG+e8L._AC_UY218_.jpg,5.0,(5),,,,,,,"NIMO
NIMO N153
15.6 inches
Gray
512 GB
Ryzen 5
16 GB
Windows 11
Backlit Keyboard, Fingerprint Reader, HD Audio, Numeric Keypad
Integrated"
"HP Omen Ryzen 9 8940HX & 5060 16"" 240Hz Gaming Laptop, 32GB DDR5 + 1TB SSD",https://www.amazon.com/Ryzen-8940HX-240Hz-Gaming-Laptop/dp/B0H1Y4263Z/ref=sr_1_76?crid=3LC9VL11Q1Y6Z&dib=eyJ2IjoiMSJ9.dwPtF6eJbyoWw8261cLcaI-W0s7trK145v-2Bn4RUzPRo5d1D1dOEUOSzF1UPXEM-a6B93MSc6XfDQANSuL14G9KfgWgYspCgI-ARBS-93fep4kwH6gZLdE_5Pky0Dt2Aakjyj2GPWAgPFT2Ao5zGYQFW1yvtxU7kHULSiAnL7x5XiYCrftGhEzszJtcHPLZkUD8sY17JFp6J_SY-3Rb1rkdUyM96H9jt2tU8NhkVq0.kqcgCMqoV4FzgOICsJ2fqgV4815gze9bJcHIUhHwUaM&dib_tag=se&keywords=gaming+laptops&qid=1789820142&sprefix=%2Caps%2C392&sr=8-76&xpid=MMcXVFo9VX50C,https://m.media-amazon.com/images/I/71RldPsgbTL._AC_UY218_.jpg,5.0,(1),,,,,,,"PCONLINE
TPN-I144
16 inches
Black
1 TB
AMD R Series
32 GB
Windows 11 Home
Backlit Keyboard, Numeric Keypad
Dedicated"
"ASUS ROG Strix G16 (2026) Gaming Laptop, 16” ROG Nebula HDR 2.5K 240Hz/3ms, Intel Core Ultra 9 290HX Plus, NVIDIA GeForce RTX 5080, 32GB DDR5, 1TB PCIe Gen4 SSD, Wi-Fi 7, Win11 Home, G615LW-AB96",https://www.amazon.com/ASUS-Gaming-Laptop-GeForce-G615LW-AB96/dp/B0GYMN57R2/ref=sr_1_77?crid=3LC9VL11Q1Y6Z&dib=eyJ2IjoiMSJ9.dwPtF6eJbyoWw8261cLcaI-W0s7trK145v-2Bn4RUzPRo5d1D1dOEUOSzF1UPXEM-a6B93MSc6XfDQANSuL14G9KfgWgYspCgI-ARBS-93fep4kwH6gZLdE_5Pky0Dt2Aakjyj2GPWAgPFT2Ao5zGYQFW1yvtxU7kHULSiAnL7x5XiYCrftGhEzszJtcHPLZkUD8sY17JFp6J_SY-3Rb1rkdUyM96H9jt2tU8NhkVq0.kqcgCMqoV4FzgOICsJ2fqgV4815gze9bJcHIUhHwUaM&dib_tag=se&keywords=gaming+laptops&qid=1789820142&sprefix=%2Caps%2C392&sr=8-77&xpid=MMcXVFo9VX50C,https://m.media-amazon.com/images/I/81cKwDf1eVL._AC_UY218_.jpg,5.0,(7),"PKR 1,080,979.73","PKR 26,409.23 delivery Tue, Sep 29","Tue, Sep 29",,,,"ASUS
G615LW-AB96
16 inches
Eclipse Gray
1 TB
Intel Core Ultra 9
32 GB
Windows 11 Home
Anti Glare Coating, Backlit Keyboard
Dedicated"
"NIAKUN 17.3"" Gaming Laptop Computer, 16GB RAM 512GB SSD, Core i5-7Y57",https://www.amazon.com/NIAKUN-Gaming-Laptop-Computer-i5-7Y57/dp/B0H3ZBY622/ref=sr_1_78?crid=3LC9VL11Q1Y6Z&dib=eyJ2IjoiMSJ9.dwPtF6eJbyoWw8261cLcaI-W0s7trK145v-2Bn4RUzPRo5d1D1dOEUOSzF1UPXEM-a6B93MSc6XfDQANSuL14G9KfgWgYspCgI-ARBS-93fep4kwH6gZLdE_5Pky0Dt2Aakjyj2GPWAgPFT2Ao5zGYQFW1yvtxU7kHULSiAnL7x5XiYCrftGhEzszJtcHPLZkUD8sY17JFp6J_SY-3Rb1rkdUyM96H9jt2tU8NhkVq0.kqcgCMqoV4FzgOICsJ2fqgV4815gze9bJcHIUhHwUaM&dib_tag=se&keywords=gaming+laptops&qid=1789820142&sprefix=%2Caps%2C392&sr=8-78&xpid=MMcXVFo9VX50C,https://m.media-amazon.com/images/I/71RufC5lzzL._AC_UY218_.jpg,3.8,(108),"PKR 138,584.73","PKR 18,759.20 delivery Tue, Sep 29","Tue, Sep 29",,,,"NIAKUN
17.3 inches
Silver
512 GB
Core i5
16 GB
7Y57
1920x1080
i5-7Y57
38.5 watt-hours"
,,,,,,,,,,,
,,,,,,,,,,,
,,,,,,,,,,,
"Samsung Galaxy Book6 Enterprise Edition 14.0"", Intel® Core™ Ultra 5 325",https://www.amazon.com/sspa/click?ie=UTF8&spc=MToyMTgwMTIwNTE1MDI2MDA1OjE3ODk4MjAyMzU6c3BfYXRmX25leHQ6MzAxNDgzNDI4NDY3NTAyOjowOjo&url=%2FSamsung-Galaxy-Enterprise-Intel%25C2%25AE-CoreTM%2Fdp%2FB0H1D38ZFJ%2Fref%3Dsr_1_81_sspa%3Fcrid%3D3LC9VL11Q1Y6Z%26dib%3DeyJ2IjoiMSJ9.hU4Y04UoGRU3adCfFRM0stFlSQ4UDolqxorWMWhZjDyjeMo5Yr8P-QXJ8eMXsjXL1Suz68KyhQ7RrQk-JDNc90jN00wuKx_vkmdFWmeNGHOVexnxw1m0fI_Dyp9Rg4Ihk6YYlhgTrOS2SfrzXWzY0n73fRoMEzWtOHjE0oyzbyn_8n1gsLMue0YepRCzbqedsCscKPfmEbc02efLN0CmnTxpy0htOu1LMLm5jS1h4-s.S0SnMdqzReM1GDwro9ekXipYY1gqNgOOt-62g0QosKs%26dib_tag%3Dse%26keywords%3Dgaming%2Blaptops%26qid%3D1789820235%26sprefix%3D%252Caps%252C392%26sr%3D8-81-spons%26xpid%3DMMcXVFo9VX50C%26sp_csd%3Dd2lkZ2V0TmFtZT1zcF9hdGZfbmV4dA%26psc%3D1,https://m.media-amazon.com/images/I/61-I9ls9TuL._AC_UY218_.jpg,4.0,(1),"PKR 410,219.00","PKR 17,819.58 delivery Tue, Sep 29","Tue, Sep 29",,,,
"dynabook Tecra A45-M 14” Business Laptop, AMD Ryzen 5 220 (Up to 4.9GHz), 16GB DDR5 RAM, 512GB SSD, WUXGA 1920x1200, Wi-Fi 7, Windows 11 Pro, AI Copilot, Thunderbolt 4, Lightweight",https://www.amazon.com/sspa/click?ie=UTF8&spc=MToyMTgwMTIwNTE1MDI2MDA1OjE3ODk4MjAyMzU6c3BfYXRmX25leHQ6MzAxNDg2NDIxNzA2MjAyOjowOjo&url=%2Fdynabook-A45-M-1920x1200-Thunderbolt-Lightweight%2Fdp%2FB0GVPQNGS8%2Fref%3Dsr_1_82_sspa%3Fcrid%3D3LC9VL11Q1Y6Z%26dib%3DeyJ2IjoiMSJ9.hU4Y04UoGRU3adCfFRM0stFlSQ4UDolqxorWMWhZjDyjeMo5Yr8P-QXJ8eMXsjXL1Suz68KyhQ7RrQk-JDNc90jN00wuKx_vkmdFWmeNGHOVexnxw1m0fI_Dyp9Rg4Ihk6YYlhgTrOS2SfrzXWzY0n73fRoMEzWtOHjE0oyzbyn_8n1gsLMue0YepRCzbqedsCscKPfmEbc02efLN0CmnTxpy0htOu1LMLm5jS1h4-s.S0SnMdqzReM1GDwro9ekXipYY1gqNgOOt-62g0QosKs%26dib_tag%3Dse%26keywords%3Dgaming%2Blaptops%26qid%3D1789820235%26sprefix%3D%252Caps%252C392%26sr%3D8-82-spons%26xpid%3DMMcXVFo9VX50C%26sp_csd%3Dd2lkZ2V0TmFtZT1zcF9hdGZfbmV4dA%26psc%3D1,https://m.media-amazon.com/images/I/61-FPfLAjRL._AC_UY218_.jpg,,,"PKR 335,104.58","PKR 21,115.19 delivery Tue, Sep 29","Tue, Sep 29",,,,
"KAIGERR Gaming Laptop, 1TB NVMe SSD 16GB RAM Laptop Computer with AMD Ryzen 7 5825U(8C/16T, Up to 4.5GHz), 15.6inch Windows 11 Laptop, Radeon RX Vega 8 Graphics,WiFi 6 for Creative & Business",https://www.amazon.com/KAIGERR-Computer-15-6inch-Graphics-Creative/dp/B0HBQGPG9G/ref=sr_1_83?crid=3LC9VL11Q1Y6Z&dib=eyJ2IjoiMSJ9.hU4Y04UoGRU3adCfFRM0stFlSQ4UDolqxorWMWhZjDyjeMo5Yr8P-QXJ8eMXsjXL1Suz68KyhQ7RrQk-JDNc90jN00wuKx_vkmdFWmeNGHOVexnxw1m0fI_Dyp9Rg4Ihk6YYlhgTrOS2SfrzXWzY0n73fRoMEzWtOHjE0oyzbyn_8n1gsLMue0YepRCzbqedsCscKPfmEbc02efLN0CmnTxpy0htOu1LMLm5jS1h4-s.S0SnMdqzReM1GDwro9ekXipYY1gqNgOOt-62g0QosKs&dib_tag=se&keywords=gaming+laptops&qid=1789820235&sprefix=%2Caps%2C392&sr=8-83&xpid=MMcXVFo9VX50C,https://m.media-amazon.com/images/I/718wTuNdAiL._AC_UY218_.jpg,4.2,(27),"PKR 277,172.23","PKR 18,692.68 delivery Tue, Sep 29","Tue, Sep 29",,,,"KAIGERR
LX15PRO
15.6 inches
Lightweight Gray
1 TB
AMD Ryzen 7
16 GB
Windows 11
High Performance, Lightweight, Multifunctional, Numeric Keypad
Integrated"
"ASUS TUF F16 Gaming Laptop, i7-14650HX, RTX 5060, 32GB RAM, 1TB SSD",https://www.amazon.com/ASUS-Gaming-Laptop-i7-14650HX-5060/dp/B0HF4Z7KHX/ref=sr_1_84?crid=3LC9VL11Q1Y6Z&dib=eyJ2IjoiMSJ9.hU4Y04UoGRU3adCfFRM0stFlSQ4UDolqxorWMWhZjDyjeMo5Yr8P-QXJ8eMXsjXL1Suz68KyhQ7RrQk-JDNc90jN00wuKx_vkmdFWmeNGHOVexnxw1m0fI_Dyp9Rg4Ihk6YYlhgTrOS2SfrzXWzY0n73fRoMEzWtOHjE0oyzbyn_8n1gsLMue0YepRCzbqedsCscKPfmEbc02efLN0CmnTxpy0htOu1LMLm5jS1h4-s.S0SnMdqzReM1GDwro9ekXipYY1gqNgOOt-62g0QosKs&dib_tag=se&keywords=gaming+laptops&qid=1789820235&sprefix=%2Caps%2C392&sr=8-84&xpid=MMcXVFo9VX50C,https://m.media-amazon.com/images/I/71ITy7Ae9wL._AC_UY218_.jpg,5.0,(4),,,,,,,"ASUS
ASUS TUF F16
16 inches
Gray
1 TB
Core i7
32 GB
Windows 11 Pro
100% sRGB Color Gamut, DLSS 4, MUX Switch with Advanced Optimus, NVIDIA G-SYNC, Ray Tracing
Dedicated"
"ASUS TUF F16 Gaming Laptop, GeForce RTX 5060, 32GB RAM, 2TB SSD, i7-14650HX",https://www.amazon.com/ASUS-Gaming-Laptop-GeForce-i7-14650HX/dp/B0HF4X9F55/ref=sr_1_85?crid=3LC9VL11Q1Y6Z&dib=eyJ2IjoiMSJ9.hU4Y04UoGRU3adCfFRM0stFlSQ4UDolqxorWMWhZjDyjeMo5Yr8P-QXJ8eMXsjXL1Suz68KyhQ7RrQk-JDNc90jN00wuKx_vkmdFWmeNGHOVexnxw1m0fI_Dyp9Rg4Ihk6YYlhgTrOS2SfrzXWzY0n73fRoMEzWtOHjE0oyzbyn_8n1gsLMue0YepRCzbqedsCscKPfmEbc02efLN0CmnTxpy0htOu1LMLm5jS1h4-s.S0SnMdqzReM1GDwro9ekXipYY1gqNgOOt-62g0QosKs&dib_tag=se&keywords=gaming+laptops&qid=1789820235&sprefix=%2Caps%2C392&sr=8-85&xpid=MMcXVFo9VX50C,https://m.media-amazon.com/images/I/71pKzouVQWL._AC_UY218_.jpg,5.0,(4),,,,,,,"ASUS
Windows 11 Pro
Core i7
2.2 GHz
Dedicated
NVIDIA GeForce RTX 5060
32 GB
Business, Entertainment, Student
16 inches
32 GB"
,,,,,,,,,,,
,,,,,,,,,,,
"msi Vector 16 HX AI 16"" 2560x1600 240Hz Display Gaming Laptop, AMD Ryzen 9 8940HX (16 Cores, 2.4-5.3 GHz), NVIDIA RTX 5070 Ti 12GB GDDR7, 32GB RAM, 1TB NVMe SSD, Windows 11 Pro",https://www.amazon.com/msi-Vector-2560x1600-Display-2-4-5-3/dp/B0G48HHJF8/ref=sr_1_86?crid=3LC9VL11Q1Y6Z&dib=eyJ2IjoiMSJ9.hU4Y04UoGRU3adCfFRM0stFlSQ4UDolqxorWMWhZjDyjeMo5Yr8P-QXJ8eMXsjXL1Suz68KyhQ7RrQk-JDNc90jN00wuKx_vkmdFWmeNGHOVexnxw1m0fI_Dyp9Rg4Ihk6YYlhgTrOS2SfrzXWzY0n73fRoMEzWtOHjE0oyzbyn_8n1gsLMue0YepRCzbqedsCscKPfmEbc02efLN0CmnTxpy0htOu1LMLm5jS1h4-s.S0SnMdqzReM1GDwro9ekXipYY1gqNgOOt-62g0QosKs&dib_tag=se&keywords=gaming+laptops&qid=1789820235&sprefix=%2Caps%2C392&sr=8-86&xpid=MMcXVFo9VX50C,https://m.media-amazon.com/images/I/61iWwJfLWWL._AC_UY218_.jpg,3.5,(17),,,,,,,"msi
Vector
16 inches
Black
1024 GB
Ryzen 9
32 GB
Windows 11 Pro
Backlit Keyboard
Dedicated"
"ASUS TUF F16 (2025) Gaming Laptop, 16"" 165Hz FHD+ Display, 115W Max TGP RTX 5060, Intel Core i7-14650HX, 16GB DDR5, 1TB SSD, Intelligent Cooling, Win11 Home - with 1TB External HDD",https://www.amazon.com/ASUS-TUF-Display-i7-14650HX-Intelligent/dp/B0H1L4G335/ref=sr_1_87?crid=3LC9VL11Q1Y6Z&dib=eyJ2IjoiMSJ9.hU4Y04UoGRU3adCfFRM0stFlSQ4UDolqxorWMWhZjDyjeMo5Yr8P-QXJ8eMXsjXL1Suz68KyhQ7RrQk-JDNc90jN00wuKx_vkmdFWmeNGHOVexnxw1m0fI_Dyp9Rg4Ihk6YYlhgTrOS2SfrzXWzY0n73fRoMEzWtOHjE0oyzbyn_8n1gsLMue0YepRCzbqedsCscKPfmEbc02efLN0CmnTxpy0htOu1LMLm5jS1h4-s.S0SnMdqzReM1GDwro9ekXipYY1gqNgOOt-62g0QosKs&dib_tag=se&keywords=gaming+laptops&qid=1789820235&sprefix=%2Caps%2C392&sr=8-87&xpid=MMcXVFo9VX50C,https://m.media-amazon.com/images/I/61RHBxtmHmL._AC_UY218_.jpg,5.0,(3),,,,,,,"ASUS
TUF
16 inches
Jaeger Gray
1 TB
Core i7
16 GB
Windows 11 Home
Backlit Keyboard, HD Audio, Numeric Keypad
Dedicated"
"ASUS ROG Strix G18 Gaming Laptop, Intel Ultra 9, RTX 5070 Ti 12GB GDDR7",https://www.amazon.com/ASUS-ROG-Strix-G18-Gaming/dp/B0H71GX8L5/ref=sr_1_88?crid=3LC9VL11Q1Y6Z&dib=eyJ2IjoiMSJ9.hU4Y04UoGRU3adCfFRM0stFlSQ4UDolqxorWMWhZjDyjeMo5Yr8P-QXJ8eMXsjXL1Suz68KyhQ7RrQk-JDNc90jN00wuKx_vkmdFWmeNGHOVexnxw1m0fI_Dyp9Rg4Ihk6YYlhgTrOS2SfrzXWzY0n73fRoMEzWtOHjE0oyzbyn_8n1gsLMue0YepRCzbqedsCscKPfmEbc02efLN0CmnTxpy0htOu1LMLm5jS1h4-s.S0SnMdqzReM1GDwro9ekXipYY1gqNgOOt-62g0QosKs&dib_tag=se&keywords=gaming+laptops&qid=1789820235&sprefix=%2Caps%2C392&sr=8-88&xpid=MMcXVFo9VX50C,https://m.media-amazon.com/images/I/71mguSK5CwL._AC_UY218_.jpg,5.0,(1),,,,,,,"ASUS
ASUS G18 Gaming Laptop
18 inches
Black
2 TB
Intel Core Ultra 9
32 GB
Windows 11 Pro
18 WQXGA 240Hz/3ms Display, Backlit Keyboard
Dedicated"
"2026 Alienware 15 Gaming Laptop, AMD Ryzen 5 220, 32GB DDR5 RAM, 1TB SSD",https://www.amazon.com/Alienware-15-Gaming-Laptop-Ryzen/dp/B0HFNHJDQ9/ref=sr_1_89?crid=3LC9VL11Q1Y6Z&dib=eyJ2IjoiMSJ9.hU4Y04UoGRU3adCfFRM0stFlSQ4UDolqxorWMWhZjDyjeMo5Yr8P-QXJ8eMXsjXL1Suz68KyhQ7RrQk-JDNc90jN00wuKx_vkmdFWmeNGHOVexnxw1m0fI_Dyp9Rg4Ihk6YYlhgTrOS2SfrzXWzY0n73fRoMEzWtOHjE0oyzbyn_8n1gsLMue0YepRCzbqedsCscKPfmEbc02efLN0CmnTxpy0htOu1LMLm5jS1h4-s.S0SnMdqzReM1GDwro9ekXipYY1gqNgOOt-62g0QosKs&dib_tag=se&keywords=gaming+laptops&qid=1789820235&sprefix=%2Caps%2C392&sr=8-89&xpid=MMcXVFo9VX50C,https://m.media-amazon.com/images/I/71YGFU9aHyL._AC_UY218_.jpg,4.8,(9),,,,,,,"Dell
Alienware 15
15.3 inches
1 TB
Ryzen 5
32 GB
Windows 11 Home
Backlit Keyboard, HD Audio, Numeric Keypad
Dedicated
NVIDIA GeForce RTX 4050"
"Lenovo 15.6"" FHD Laptop, 8GB LPDDR5, 128GB Storage, Microsoft 365 Personal",https://www.amazon.com/Lenovo-Gaming-Laptop-7535HS-6-Core/dp/B0FY6NBGVY/ref=sr_1_90?crid=3LC9VL11Q1Y6Z&dib=eyJ2IjoiMSJ9.hU4Y04UoGRU3adCfFRM0stFlSQ4UDolqxorWMWhZjDyjeMo5Yr8P-QXJ8eMXsjXL1Suz68KyhQ7RrQk-JDNc90jN00wuKx_vkmdFWmeNGHOVexnxw1m0fI_Dyp9Rg4Ihk6YYlhgTrOS2SfrzXWzY0n73fRoMEzWtOHjE0oyzbyn_8n1gsLMue0YepRCzbqedsCscKPfmEbc02efLN0CmnTxpy0htOu1LMLm5jS1h4-s.S0SnMdqzReM1GDwro9ekXipYY1gqNgOOt-62g0QosKs&dib_tag=se&keywords=gaming+laptops&qid=1789820235&sprefix=%2Caps%2C392&sr=8-90&xpid=MMcXVFo9VX50C,https://m.media-amazon.com/images/I/816w86e2eTL._AC_UY218_.jpg,4.6,(21),,,,,,,"Lenovo
IdeaPad Slim 3 15
15.6 inches
Frost Blue
128 GB
Intel N150
8 GB
Windows 11 Home
Anti Glare Coating, HD Audio, Lightweight, Memory Card Slot, Numeric Keypad
Integrated"
"Acer Nitro V Gaming Laptop | Intel Core 5 Processor 210H | NVIDIA GeForce RTX 5050 Laptop GPU | 16"" WUXGA IPS 165Hz Display | 8GB DDR5 | 512GB Gen 4 SSD | Wi-Fi 6 | Backlit Keyboard | ANV16-I31-54PT",https://www.amazon.com/sspa/click?ie=UTF8&spc=MToyMTgwMTIwNTE1MDI2MDA1OjE3ODk4MjAyMzU6c3BfbXRmOjMwMTM1MTIxMTkyNjgwMjo6MDo6&url=%2FAcer-Processor-GeForce-Keyboard-ANV16-I31-54PT%2Fdp%2FB0CJCNL315%2Fref%3Dsr_1_91_sspa%3Fcrid%3D3LC9VL11Q1Y6Z%26dib%3DeyJ2IjoiMSJ9.hU4Y04UoGRU3adCfFRM0stFlSQ4UDolqxorWMWhZjDyjeMo5Yr8P-QXJ8eMXsjXL1Suz68KyhQ7RrQk-JDNc90jN00wuKx_vkmdFWmeNGHOVexnxw1m0fI_Dyp9Rg4Ihk6YYlhgTrOS2SfrzXWzY0n73fRoMEzWtOHjE0oyzbyn_8n1gsLMue0YepRCzbqedsCscKPfmEbc02efLN0CmnTxpy0htOu1LMLm5jS1h4-s.S0SnMdqzReM1GDwro9ekXipYY1gqNgOOt-62g0QosKs%26dib_tag%3Dse%26keywords%3Dgaming%2Blaptops%26qid%3D1789820235%26sprefix%3D%252Caps%252C392%26sr%3D8-91-spons%26xpid%3DMMcXVFo9VX50C%26sp_csd%3Dd2lkZ2V0TmFtZT1zcF9tdGY%26psc%3D1,https://m.media-amazon.com/images/I/71iSm+PbylL._AC_UY218_.jpg,3.7,(4),"PKR 374,183.48","PKR 20,488.78 delivery Tue, Sep 29","Tue, Sep 29",,,,
"18.5 Inch Laptops, Core i9 CPU (Up to 4.8 GHz), 16GB RAM, 512GB SSD, WiFi-6",https://www.amazon.com/sspa/click?ie=UTF8&spc=MToyMTgwMTIwNTE1MDI2MDA1OjE3ODk4MjAyMzU6c3BfbXRmOjMwMTQ3NjM1MTcxODEwMjo6MDo6&url=%2F18-5-Laptops-i9-512GB-WiFi-6%2Fdp%2FB0H5JP27XM%2Fref%3Dsr_1_92_sspa%3Fcrid%3D3LC9VL11Q1Y6Z%26dib%3DeyJ2IjoiMSJ9.hU4Y04UoGRU3adCfFRM0stFlSQ4UDolqxorWMWhZjDyjeMo5Yr8P-QXJ8eMXsjXL1Suz68KyhQ7RrQk-JDNc90jN00wuKx_vkmdFWmeNGHOVexnxw1m0fI_Dyp9Rg4Ihk6YYlhgTrOS2SfrzXWzY0n73fRoMEzWtOHjE0oyzbyn_8n1gsLMue0YepRCzbqedsCscKPfmEbc02efLN0CmnTxpy0htOu1LMLm5jS1h4-s.S0SnMdqzReM1GDwro9ekXipYY1gqNgOOt-62g0QosKs%26dib_tag%3Dse%26keywords%3Dgaming%2Blaptops%26qid%3D1789820235%26sprefix%3D%252Caps%252C392%26sr%3D8-92-spons%26xpid%3DMMcXVFo9VX50C%26sp_csd%3Dd2lkZ2V0TmFtZT1zcF9tdGY%26psc%3D1,https://m.media-amazon.com/images/I/81wzGDqYqaL._AC_UY218_.jpg,5.0,(7),"PKR 182,921.64","PKR 21,761.01 delivery Tue, Sep 29","Tue, Sep 29","PKR304,889.73",,,
"ASUS TUF A18 Gaming Laptop, NVIDIA RTX 5060, 32GB DDR5, 2TB SSD",https://www.amazon.com/ASUS-Gaming-Laptop-NVIDIA-5060/dp/B0H5QQF6VJ/ref=sr_1_93?crid=3LC9VL11Q1Y6Z&dib=eyJ2IjoiMSJ9.hU4Y04UoGRU3adCfFRM0stFlSQ4UDolqxorWMWhZjDyjeMo5Yr8P-QXJ8eMXsjXL1Suz68KyhQ7RrQk-JDNc90jN00wuKx_vkmdFWmeNGHOVexnxw1m0fI_Dyp9Rg4Ihk6YYlhgTrOS2SfrzXWzY0n73fRoMEzWtOHjE0oyzbyn_8n1gsLMue0YepRCzbqedsCscKPfmEbc02efLN0CmnTxpy0htOu1LMLm5jS1h4-s.S0SnMdqzReM1GDwro9ekXipYY1gqNgOOt-62g0QosKs&dib_tag=se&keywords=gaming+laptops&qid=1789820235&sprefix=%2Caps%2C392&sr=8-93&xpid=MMcXVFo9VX50C,https://m.media-amazon.com/images/I/71U-jtlK7YL._AC_UY218_.jpg,5.0,(3),,,,,,,"ASUS
ASUS TUF A18 Gaming Laptop RTX5060
18 inches
Gray
2 TB
AMD Ryzen 7
32 GB
Windows 11 Pro
AMD Ryzen 7 260 (24MB Cache, up to 5.1 GHz, 8 cores, 16 Threads), AMD XDNA NPU up to 16TOPS, Backlit Keyboard, Bluetooth 5.3, NVIDIA RTX 5060(Supports 4K)
AMD Ryzen 7 260 (24MB Cache, up to 5.1 GHz, 8 cores, 16 Threads), AMD XDNA NPU up to 16TOPS, Backlit Keyboard, Bluetooth 5.3, NVIDIA RTX 5060(Supports… 
Dedicated"
"NIMO 17.3"" Large Screen Gaming Laptop, 2026 Edition AI Ready AMD Ryzen 5 CPU(6-Core, Beat Ryzen 5 7430U), 16GB DDR5 RAM, 256GB PCIe4.0 SSD, Radeon 660M, 100W Type-C, Backlit Keyboard, 2-Yr Warranty",https://www.amazon.com/NIMO-17.3-Gaming-Laptop-AI-Ready/dp/B0H4Q3Z9DN/ref=sr_1_94?crid=3LC9VL11Q1Y6Z&dib=eyJ2IjoiMSJ9.hU4Y04UoGRU3adCfFRM0stFlSQ4UDolqxorWMWhZjDyjeMo5Yr8P-QXJ8eMXsjXL1Suz68KyhQ7RrQk-JDNc90jN00wuKx_vkmdFWmeNGHOVexnxw1m0fI_Dyp9Rg4Ihk6YYlhgTrOS2SfrzXWzY0n73fRoMEzWtOHjE0oyzbyn_8n1gsLMue0YepRCzbqedsCscKPfmEbc02efLN0CmnTxpy0htOu1LMLm5jS1h4-s.S0SnMdqzReM1GDwro9ekXipYY1gqNgOOt-62g0QosKs&dib_tag=se&keywords=gaming+laptops&qid=1789820235&sprefix=%2Caps%2C392&sr=8-94&xpid=MMcXVFo9VX50C,https://m.media-amazon.com/images/I/71Eaws2eRVL._AC_UY218_.jpg,5.0,(5),,,,,,,"NIMO
NIMO N173
15.6 inches
Rose Gold
256 GB
Ryzen 5
16 GB
Windows 11
amd gaming laptop, business laptop, gaming laptop, laptop computer, laptop gamer
Integrated"
"ASUS TUF Gaming A16 Laptop 16"" WUXGA IPS 144Hz AMD 6-core Ryzen 7 7445HS 32GB RAM 1TB SSD GeForce RTX 4050 (Up to 194 AI Tops) RGB Backlit USB4 Two-Way AI Noise Cancelation Win11Pro ICP Acc",https://www.amazon.com/ASUS-GeForce-Backlit-Cancelation-Win11Pro/dp/B0G34KDB4V/ref=sr_1_99?crid=3LC9VL11Q1Y6Z&dib=eyJ2IjoiMSJ9.hU4Y04UoGRU3adCfFRM0stFlSQ4UDolqxorWMWhZjDyjeMo5Yr8P-QXJ8eMXsjXL1Suz68KyhQ7RrQk-JDNc90jN00wuKx_vkmdFWmeNGHOVexnxw1m0fI_Dyp9Rg4Ihk6YYlhgTrOS2SfrzXWzY0n73fRoMEzWtOHjE0oyzbyn_8n1gsLMue0YepRCzbqedsCscKPfmEbc02efLN0CmnTxpy0htOu1LMLm5jS1h4-s.S0SnMdqzReM1GDwro9ekXipYY1gqNgOOt-62g0QosKs&dib_tag=se&keywords=gaming+laptops&qid=1789820235&sprefix=%2Caps%2C392&sr=8-99&xpid=MMcXVFo9VX50C,https://m.media-amazon.com/images/I/71QyO7M6WRL._AC_UY218_.jpg,4.2,(7),,,,,,,"ASUS
TUF Gaming A16
16 inches
Black
1 TB
Ryzen 7
32 GB
Windows 11 Pro
Backlit Keyboard
Dedicated"
"2026 15.6"" FHD Gaming Laptop, AMD Ryzen 7 6800H(up to 4.7GHz), 24GB RAM, 1TB NVMe SSD, Windows 11 Pro Laptop Computer with Backlit Keyboard, 6 Ports for Gaming, Programming, Video Editing",https://www.amazon.com/Windows-Computer-Backlit-Keyboard-Programming/dp/B0HCC5KZ2H/ref=sr_1_100?crid=3LC9VL11Q1Y6Z&dib=eyJ2IjoiMSJ9.hU4Y04UoGRU3adCfFRM0stFlSQ4UDolqxorWMWhZjDyjeMo5Yr8P-QXJ8eMXsjXL1Suz68KyhQ7RrQk-JDNc90jN00wuKx_vkmdFWmeNGHOVexnxw1m0fI_Dyp9Rg4Ihk6YYlhgTrOS2SfrzXWzY0n73fRoMEzWtOHjE0oyzbyn_8n1gsLMue0YepRCzbqedsCscKPfmEbc02efLN0CmnTxpy0htOu1LMLm5jS1h4-s.S0SnMdqzReM1GDwro9ekXipYY1gqNgOOt-62g0QosKs&dib_tag=se&keywords=gaming+laptops&qid=1789820235&sprefix=%2Caps%2C392&sr=8-100&xpid=MMcXVFo9VX50C,https://m.media-amazon.com/images/I/71S8I2zpiLL._AC_UY218_.jpg,4.0,(21),"PKR 191,247.98","PKR 17,680.99 delivery Tue, Sep 29","Tue, Sep 29","PKR249,454.73",,,"SAGAWHALE
AMD Ryzen 7 6800H
15.6 inches
Silver
1 TB
AMD Ryzen 7
24 GB
Windows 11 Pro
Backlit Keyboard, Fingerprint Reader
Dedicated, Integrated"
"Sceptre Curved 24-inch Gaming Monitor 1080p R1500 98% sRGB HDMI x2 VGA Build-in Speakers, VESA Wall Mount Machine Black (C248W-1920RN Series)",https://www.amazon.com/sspa/click?ie=UTF8&spc=MToyMTgwMTIwNTE1MDI2MDA1OjE3ODk4MjAyMzU6c3BfYnRmOjIwMDE2NTE0Njc5Njg5ODo6MDo6&url=%2FSceptre-Curved-Monitor-Speakers-C248W-1920RN%2Fdp%2FB07KXSR99Y%2Fref%3Dsr_1_101_sspa%3Fcrid%3D3LC9VL11Q1Y6Z%26dib%3DeyJ2IjoiMSJ9.hU4Y04UoGRU3adCfFRM0stFlSQ4UDolqxorWMWhZjDyjeMo5Yr8P-QXJ8eMXsjXL1Suz68KyhQ7RrQk-JDNc90jN00wuKx_vkmdFWmeNGHOVexnxw1m0fI_Dyp9Rg4Ihk6YYlhgTrOS2SfrzXWzY0n73fRoMEzWtOHjE0oyzbyn_8n1gsLMue0YepRCzbqedsCscKPfmEbc02efLN0CmnTxpy0htOu1LMLm5jS1h4-s.S0SnMdqzReM1GDwro9ekXipYY1gqNgOOt-62g0QosKs%26dib_tag%3Dse%26keywords%3Dgaming%2Blaptops%26qid%3D1789820235%26sprefix%3D%252Caps%252C392%26sr%3D8-101-spons%26xpid%3DMMcXVFo9VX50C%26sp_csd%3Dd2lkZ2V0TmFtZT1zcF9idGY%26psc%3D1,https://m.media-amazon.com/images/I/71P0M7tKjYL._AC_UY218_.jpg,4.6,(22.7K),,,,,,,
"dynabook Portégé X40-M 14” Business Laptop, Intel Core Ultra 5 225U, 16GB DDR5 RAM, 512GB SSD, WUXGA 1920x1200, Windows 11 Pro, Lightweight 3.17 lb, Wi-Fi 7, Thunderbolt 4",https://www.amazon.com/sspa/click?ie=UTF8&spc=MToyMTgwMTIwNTE1MDI2MDA1OjE3ODk4MjAyMzU6c3BfYnRmOjMwMTQ4Mzc0NjAwOTIwMjo6MDo6&url=%2Fdynabook-X40-M-1920x1200-Lightweight-Thunderbolt%2Fdp%2FB0GVPKW5RG%2Fref%3Dsr_1_102_sspa%3Fcrid%3D3LC9VL11Q1Y6Z%26dib%3DeyJ2IjoiMSJ9.hU4Y04UoGRU3adCfFRM0stFlSQ4UDolqxorWMWhZjDyjeMo5Yr8P-QXJ8eMXsjXL1Suz68KyhQ7RrQk-JDNc90jN00wuKx_vkmdFWmeNGHOVexnxw1m0fI_Dyp9Rg4Ihk6YYlhgTrOS2SfrzXWzY0n73fRoMEzWtOHjE0oyzbyn_8n1gsLMue0YepRCzbqedsCscKPfmEbc02efLN0CmnTxpy0htOu1LMLm5jS1h4-s.S0SnMdqzReM1GDwro9ekXipYY1gqNgOOt-62g0QosKs%26dib_tag%3Dse%26keywords%3Dgaming%2Blaptops%26qid%3D1789820235%26sprefix%3D%252Caps%252C392%26sr%3D8-102-spons%26xpid%3DMMcXVFo9VX50C%26sp_csd%3Dd2lkZ2V0TmFtZT1zcF9idGY%26psc%3D1,https://m.media-amazon.com/images/I/61lF02eSTrL._AC_UY218_.jpg,5.0,(2),"PKR 376,680.82","PKR 21,115.19 delivery Tue, Sep 29","Tue, Sep 29",,,,
"FUNYET Gaming Laptop,Window 11 Pro Laptop Computer, 15.6 Inch Lap Top PC 2026, AMD Ryzen 7 6800H Processor,24GB DDR5 RAM 1TB SSD, FHD Display,WiFi 5,BT5.0,Backlit Keyboard,Office 365 for Business,Work",https://aax-us-east-retail-direct.amazon.com/x/c/JNXP8YFCPUBQkb0pDcDrinAAAAGguZlxMQEAAAH2AQBvbm9fdHhuX2JpZDUgICBvbm9fdHhuX2ltcDEgICAuK-bB/clv1c_ek-YxPfXZcbYDfXQf6TPiQcsbQ40oToZBbvdhiRZUPq5iJ1evq-W_TC3eZNopBzr6kU-rSe1pKQ_dANfUKNjo0Llf4PbyTLuf8QzcI01aXE5IpPbLimBeJxohTogtTZBV5obpdgto__SIEHiWD836JMVq0K53jXqktxQzj_KiA7fG24DB8TdD8mDPCRvcHJWVSv2aux1NsPKofIdt0PV-O6eed-_r63GkJdSjB293aDQkxu4uANttxaZTBM0NQhg53Yq4cdpDw83qQ3t2R496Np1YIhophi_TlqwsS4h9JQjn8IX3xEnzLRE2xvOt9Yry65NT2z-iAS1lXEKWzx5BW-hyqpo0RQVen3DnYxtPXDTZ2s76QgVzQYSX9Ub1-w6DsI87g3y8R1oddkbCBD9SnMfzy7-EqdaLXP1BpWpzN24GQYXuoT9Fm21JZdQkn3eJJicX-ity_N9SZjFWnNjJWnGCQzT9SOgbFrCrEMzW-XN9SmDSKZMjAoNF_e5lBAVzsF_0MieiR60uJCAy27yxx8XfUDXhO_NIgEzIJT0_2SkbOf96JskEra5dyOHZW2MfghwF-43sz7-1DPrTV9h-dtOHjAMtBzUiYc_NjtuED1r0iRDW9TUdjbDx4IKf1hGmxT7v4B5e0cJ-fNClAghGHk6zNWhIa3l22bcRJ1_f_fCtrNtbutwap21eFx4f7twxMzpNFLSiPpTIR6n6QLnCUWVroeOCubS0anx673_j3BRsfXV5vImQ3WmgEAdCSvDkWHNItmb5OJarbKAbO2LhG95EdjX1IIbBihMmzDGDAaMXPHMnej0BNcgGHdpy5Ii87qQE_v_CEkbJp1H1AnR5k9SmNsT8qMbp1qqB9ppIDOglYdDubJ7M7EQQQYVwFwH9LwCvJDgjJ6mGteY2Qlg0lRMySZT1Ao2JsMWf1eld8XIkrS6scJBWCj0Jnnw541fkgqwx1MtWqWZdC0inwKeuYApuGWKE5fFEDMt2ex7XLjovZO_Wx56xjke6gfT8-EWg7nCrGYaZAbPneSgUXoYLdogVZGvxQIc2jYvYKo-4ZE4KuUVH27P3G37cW3a4FPjaSO4BgU0nxdRFfbDTfRo3Juj8h4QoV42ygiAcTI_reyLKr4EhUuUGtInBdgER1cL8pVt6r26AnED_MW9qhQFVolXmZGnMsp1jQ3Wl9UEu-mo5zmltsPNj0NagqdkTQJjTu5HLbCyAVrT2UTfbDGrwACZtrIge8sMCSPWMCr-wfRP955oGzUgk4gBDaaNz_GxkXx6EW0bR3hYZsU5-1pGQOS5eaYcsfX15k1af8jmNmq5SEzgUf5mxHU5kSCvSgsyIB1eepxHIIvSWik_sjcuhoq8ApQRhcKd92z-Lrub64ehCHQQeqY3Fq1RjkKa05PjF1UGQbVcnFymHNj0t8yT4XF2dLeitvloPHghyOeE7H3pu1nC5HyPm7RlDhUljDp8dRUo3kq0gUjYEQ2EKX4Iv0u9_YZaGJI5aukoLlQsI4wPYBfZzpG1qqvO-4UCUQZ3Oj8L6z27KMYq6D5IrPuxhnFcT85chxPWH3IxmEiVioUm-V32xYIqL6WSgvkXKzipht-DgliZLUrkTzpKux2vgO6zWolqSR-hBhb4ZwniHP3Y_3tuw_kIUYfVHgpwk5Yg2zsUdBp-_FNw7ol8GYJCPNzfXZKKU3uB/https://www.amazon.com/FUNYET-Computer-Processor-Keyboard-Business/dp/B0H4JHNJ4V/ref=sxbs_sbv_search_btf?content-id=amzn1.sym.2e5c46b0-593b-4bfb-83b8-c1fdea85a728%3Aamzn1.sym.2e5c46b0-593b-4bfb-83b8-c1fdea85a728&crid=3LC9VL11Q1Y6Z&cv_ct_cx=gaming+laptops&keywords=gaming+laptops&pd_rd_i=B0H4JHNJ4V&pd_rd_r=6923d531-fbb7-45cc-b68d-d443b5e176bb&pd_rd_w=PtNxy&pd_rd_wg=BvQYq&pf_rd_p=2e5c46b0-593b-4bfb-83b8-c1fdea85a728&pf_rd_r=36CAJJF0FRG77TKT7YBN&qid=1789820235&sbo=9ZOMT9Jm0JH%2Ft%2BWi68iDSA%3D%3D&sprefix=%2Caps%2C392&sr=1-81-87d802af-7e04-446f-94d1-b3797e6a400c&xpid=MMcXVFo9VX50C,,4.4,(11),"PKR 188,476.23","PKR 19,036.38 delivery Tue, Sep 29","Tue, Sep 29","PKR235,595.98",,,
,,,,,,,,,,,
,,,,,,,,,,,
,,,,,,,,,,,
,,,,,,,,,,,
"msi Katana 15 HX Gaming Laptop - 15.6"" QHD 165Hz Display, Intel Core i7-14650HX, NVIDIA GeForce RTX 5060, 16GB DDR5, 1TB NVMe SSD, Wi-Fi 6E, RGB Keyboard, Windows 11 (B14WFK-810US)",https://www.amazon.com/msi-Katana-Gaming-Laptop-B14WFK-810US/dp/B0FRVZ7CLY/ref=sr_1_97?crid=3LC9VL11Q1Y6Z&dib=eyJ2IjoiMSJ9.PLJq9iqyI_wGVxx-T4oFEwnGyZE_k5pXIi9a05-jMbntKXcg1DmH4gx-QEHvbYd0BQxhci1k3obNMxLBEEp3xP2Q9yKMX6-LIgXTdz2RvCRv_uCkkEDMJoUqpk0axdel89LniOFU0-pFFx5ZOJP1yJVsuWl4U-uEZKIuU71qBAp8CMaxXb6I0ChVziv5jb1utz6QYDJ55GG35DmKdp2Sh1mLDg9Ou92lZ7H32lubrmw.JENTxaWg_6-HihcfBjS1-pOJmsi8wEuYL_YdBfRhfQQ&dib_tag=se&keywords=gaming+laptops&qid=1789820299&sprefix=%2Caps%2C392&sr=8-97&xpid=MMcXVFo9VX50C,https://m.media-amazon.com/images/I/7179JlGQtVL._AC_UY218_.jpg,4.4,(40),,,,,,,"msi
Katana 15 HX B14WFK-810US
15.6 inches
Black
1 TB
Core i7
16 GB
Windows 11 Home
Backlit Keyboard, HD Audio
Dedicated"
"2026 15.6"" FHD Gaming Laptop, AMD Ryzen 7 6800H(up to 4.7GHz), 24GB RAM, 1TB NVMe SSD, Windows 11 Pro Laptop Computer with Backlit Keyboard, 6 Ports for Gaming, Programming, Video Editing",https://www.amazon.com/Windows-Computer-Backlit-Keyboard-Programming/dp/B0HCC5KZ2H/ref=sr_1_98?crid=3LC9VL11Q1Y6Z&dib=eyJ2IjoiMSJ9.PLJq9iqyI_wGVxx-T4oFEwnGyZE_k5pXIi9a05-jMbntKXcg1DmH4gx-QEHvbYd0BQxhci1k3obNMxLBEEp3xP2Q9yKMX6-LIgXTdz2RvCRv_uCkkEDMJoUqpk0axdel89LniOFU0-pFFx5ZOJP1yJVsuWl4U-uEZKIuU71qBAp8CMaxXb6I0ChVziv5jb1utz6QYDJ55GG35DmKdp2Sh1mLDg9Ou92lZ7H32lubrmw.JENTxaWg_6-HihcfBjS1-pOJmsi8wEuYL_YdBfRhfQQ&dib_tag=se&keywords=gaming+laptops&qid=1789820299&sprefix=%2Caps%2C392&sr=8-98&xpid=MMcXVFo9VX50C,https://m.media-amazon.com/images/I/71S8I2zpiLL._AC_UY218_.jpg,4.0,(21),"PKR 191,247.98","PKR 17,680.99 delivery Tue, Sep 29","Tue, Sep 29","PKR249,454.73",,,"SAGAWHALE
AMD Ryzen 7 6800H
15.6 inches
Silver
1 TB
AMD Ryzen 7
24 GB
Windows 11 Pro
Backlit Keyboard, Fingerprint Reader
Dedicated, Integrated"
"ASUS ROG Strix G18 (2025) Gaming Laptop, 18” ROG FHD+ 16:10 144Hz, NVIDIA® GeForce RTX™ 5050, AMD Ryzen™ 9 8940HX Mobile Processor, 16GB DDR5-5200Mhz, 1TB SSD, Wi-Fi 6E, Wind 11 Home",https://www.amazon.com/ASUS-ROG-Strix-Gaming-Laptop/dp/B0FGQW5J21/ref=sr_1_99?crid=3LC9VL11Q1Y6Z&dib=eyJ2IjoiMSJ9.PLJq9iqyI_wGVxx-T4oFEwnGyZE_k5pXIi9a05-jMbntKXcg1DmH4gx-QEHvbYd0BQxhci1k3obNMxLBEEp3xP2Q9yKMX6-LIgXTdz2RvCRv_uCkkEDMJoUqpk0axdel89LniOFU0-pFFx5ZOJP1yJVsuWl4U-uEZKIuU71qBAp8CMaxXb6I0ChVziv5jb1utz6QYDJ55GG35DmKdp2Sh1mLDg9Ou92lZ7H32lubrmw.JENTxaWg_6-HihcfBjS1-pOJmsi8wEuYL_YdBfRhfQQ&dib_tag=se&keywords=gaming+laptops&qid=1789820299&sprefix=%2Caps%2C392&sr=8-99&xpid=MMcXVFo9VX50C,https://m.media-amazon.com/images/I/71aUQ0pgYGL._AC_UY218_.jpg,4.4,(59),"PKR 457,053.26","PKR 26,575.54 delivery Sep 28 - 29",Sep 28 - 29,,,,"ASUS
Strix G18
18 inches
Black
1 TB
Ryzen 9
16 GB
Windows 11 Home
Backlit Keyboard, HD Audio, Webcam, Wifi
Dedicated"
,,,,,,,,,,,
,,,,,,,,,,,
"msi Cyborg A15 AI 15.6"" FHD 144Hz Gaming Laptop, AMD Ryzen 9 270, GeForce RTX 5060, 32GB RAM, 3TB Storage(2TB SSD+1TB Docking Station Set), 4-Zone RGB Keyboard, Wi-Fi 6E, Win 11 Pro, Black",https://www.amazon.com/msi-Cyborg-GeForce-Storage-Keyboard/dp/B0HGKXKVF9/ref=sr_1_100?crid=3LC9VL11Q1Y6Z&dib=eyJ2IjoiMSJ9.PLJq9iqyI_wGVxx-T4oFEwnGyZE_k5pXIi9a05-jMbntKXcg1DmH4gx-QEHvbYd0BQxhci1k3obNMxLBEEp3xP2Q9yKMX6-LIgXTdz2RvCRv_uCkkEDMJoUqpk0axdel89LniOFU0-pFFx5ZOJP1yJVsuWl4U-uEZKIuU71qBAp8CMaxXb6I0ChVziv5jb1utz6QYDJ55GG35DmKdp2Sh1mLDg9Ou92lZ7H32lubrmw.JENTxaWg_6-HihcfBjS1-pOJmsi8wEuYL_YdBfRhfQQ&dib_tag=se&keywords=gaming+laptops&qid=1789820299&sprefix=%2Caps%2C392&sr=8-100&xpid=MMcXVFo9VX50C,https://m.media-amazon.com/images/I/81iISCO0l5L._AC_UY218_.jpg,5.0,(1),5 capacities,,,,,,"msi
MSI Cyborg
15.6 inches
Black
2 TB
Others
32 GB
Windows 11 Pro
Backlit Keyboard
Dedicated"
"FUNYET 2026 Gaming Laptop, 15.6 Inch Laptop Computer Window 11 Pro, 24GB RAM 1TB SSD, AMD Ryzen 7 6800H(up to 4.7GHz), 2-Year Warranty, FHD 1920 * 1080, Backlit Keyboard for Gaming, Video Editing",https://www.amazon.com/FUNYET-Computer-Warranty-Backlit-Keyboard/dp/B0H1LG825P/ref=sr_1_101?crid=3LC9VL11Q1Y6Z&dib=eyJ2IjoiMSJ9.PLJq9iqyI_wGVxx-T4oFEwnGyZE_k5pXIi9a05-jMbntKXcg1DmH4gx-QEHvbYd0BQxhci1k3obNMxLBEEp3xP2Q9yKMX6-LIgXTdz2RvCRv_uCkkEDMJoUqpk0axdel89LniOFU0-pFFx5ZOJP1yJVsuWl4U-uEZKIuU71qBAp8CMaxXb6I0ChVziv5jb1utz6QYDJ55GG35DmKdp2Sh1mLDg9Ou92lZ7H32lubrmw.JENTxaWg_6-HihcfBjS1-pOJmsi8wEuYL_YdBfRhfQQ&dib_tag=se&keywords=gaming+laptops&qid=1789820299&sprefix=%2Caps%2C392&sr=8-101&xpid=MMcXVFo9VX50C,https://m.media-amazon.com/images/I/71J7jWR1v8L._AC_UY218_.jpg,4.1,(19),"PKR 202,334.98","PKR 19,008.66 delivery Tue, Sep 29","Tue, Sep 29",,,,"FUNYET
15.6 inches
Silver
1 TB
AMD Ryzen 7
24 GB
Windows 11 Pro
Backlit Keyboard, Fingerprint Reader, HD Audio, Lightweight, Numeric Keypad
Integrated
4.7 GHz"
"Alienware 18 Area-51 Gaming Laptop AA18250-18.0"" WQXGA 300Hz 3ms Display, Intel Core Ultra 9 275HX, NVIDIA GeForce RTX 5080, 32GB 2x16GB DDR5, 2TB SSD, 2MP FHD IR Camera, Windows 11 Home",https://www.amazon.com/Alienware-Area-51-AA18250-18-0-Display-Graphics/dp/B0F5WVJBC2/ref=sr_1_102?crid=3LC9VL11Q1Y6Z&dib=eyJ2IjoiMSJ9.PLJq9iqyI_wGVxx-T4oFEwnGyZE_k5pXIi9a05-jMbntKXcg1DmH4gx-QEHvbYd0BQxhci1k3obNMxLBEEp3xP2Q9yKMX6-LIgXTdz2RvCRv_uCkkEDMJoUqpk0axdel89LniOFU0-pFFx5ZOJP1yJVsuWl4U-uEZKIuU71qBAp8CMaxXb6I0ChVziv5jb1utz6QYDJ55GG35DmKdp2Sh1mLDg9Ou92lZ7H32lubrmw.JENTxaWg_6-HihcfBjS1-pOJmsi8wEuYL_YdBfRhfQQ&dib_tag=se&keywords=gaming+laptops&qid=1789820299&sprefix=%2Caps%2C392&sr=8-102&xpid=MMcXVFo9VX50C,https://m.media-amazon.com/images/I/71fP88COuvL._AC_UY218_.jpg,4.0,(77),,,,,,,"Alienware
Alienware 18 Area 51 AA18250 Laptop
18 inches
Liquid Teal
2 TB
Intel Core Ultra 9
32 GB
Windows 11 Home
Backlit Keyboard, Memory Card Slot, Numeric Keypad
Dedicated"
"NIMO 15.6"" AI Ready Gaming Laptop, 2026 Edition AMD Ryzen 5 6600H(6-Core, Beat Ryzen 7 7730U), 16GB DDR5 RAM 256GB PCIe4.0 SSD, Radeon 660M, Backlit Keyboard, 2-Yr Warranty, for Video Editing Business",https://www.amazon.com/NIMO-AI-Ready-AMD-Ryzen-5-Gaming-Laptop/dp/B0H4PSJDVT/ref=sr_1_103?crid=3LC9VL11Q1Y6Z&dib=eyJ2IjoiMSJ9.PLJq9iqyI_wGVxx-T4oFEwnGyZE_k5pXIi9a05-jMbntKXcg1DmH4gx-QEHvbYd0BQxhci1k3obNMxLBEEp3xP2Q9yKMX6-LIgXTdz2RvCRv_uCkkEDMJoUqpk0axdel89LniOFU0-pFFx5ZOJP1yJVsuWl4U-uEZKIuU71qBAp8CMaxXb6I0ChVziv5jb1utz6QYDJ55GG35DmKdp2Sh1mLDg9Ou92lZ7H32lubrmw.JENTxaWg_6-HihcfBjS1-pOJmsi8wEuYL_YdBfRhfQQ&dib_tag=se&keywords=gaming+laptops&qid=1789820299&sprefix=%2Caps%2C392&sr=8-103&xpid=MMcXVFo9VX50C,https://m.media-amazon.com/images/I/71Eaws2eRVL._AC_UY218_.jpg,4.7,(17),,,,,,,"NIMO
NIMO N153
15.6 inches
Red
256 GB
Ryzen 5
16 GB
Windows 11
Backlit Keyboard, Fingerprint Reader, HD Audio, Numeric Keypad
Integrated"
"Lenovo 15 Gaming Laptop, AMD Ryzen 5 7535HS, 8GB DDR5, 256GB PCIe SSD",https://www.amazon.com/Lenovo-Gaming-Laptop-Ryzen-7535HS/dp/B0GSQC3QHS/ref=sr_1_104?crid=3LC9VL11Q1Y6Z&dib=eyJ2IjoiMSJ9.PLJq9iqyI_wGVxx-T4oFEwnGyZE_k5pXIi9a05-jMbntKXcg1DmH4gx-QEHvbYd0BQxhci1k3obNMxLBEEp3xP2Q9yKMX6-LIgXTdz2RvCRv_uCkkEDMJoUqpk0axdel89LniOFU0-pFFx5ZOJP1yJVsuWl4U-uEZKIuU71qBAp8CMaxXb6I0ChVziv5jb1utz6QYDJ55GG35DmKdp2Sh1mLDg9Ou92lZ7H32lubrmw.JENTxaWg_6-HihcfBjS1-pOJmsi8wEuYL_YdBfRhfQQ&dib_tag=se&keywords=gaming+laptops&qid=1789820299&sprefix=%2Caps%2C392&sr=8-104&xpid=MMcXVFo9VX50C,https://m.media-amazon.com/images/I/819V7Y4UfWL._AC_UY218_.jpg,4.4,(7),,,,,,,"Lenovo
IdeaPad Slim 3 15
15.3 inches
Luna Grey
256 GB
AMD Ryzen 5 7535HS
8 GB
Windows 11 Home
HD Audio
Integrated"
"HP Omen 16 16"" AMD Ryzen AI 7 350 RTX 5060 Gaming Laptop, 16GB DDR5 1TB SSD",https://www.amazon.com/HP-Gaming-Laptop-i9-14900-Backlit/dp/B0FJM5SCS5/ref=sr_1_105?crid=3LC9VL11Q1Y6Z&dib=eyJ2IjoiMSJ9.PLJq9iqyI_wGVxx-T4oFEwnGyZE_k5pXIi9a05-jMbntKXcg1DmH4gx-QEHvbYd0BQxhci1k3obNMxLBEEp3xP2Q9yKMX6-LIgXTdz2RvCRv_uCkkEDMJoUqpk0axdel89LniOFU0-pFFx5ZOJP1yJVsuWl4U-uEZKIuU71qBAp8CMaxXb6I0ChVziv5jb1utz6QYDJ55GG35DmKdp2Sh1mLDg9Ou92lZ7H32lubrmw.JENTxaWg_6-HihcfBjS1-pOJmsi8wEuYL_YdBfRhfQQ&dib_tag=se&keywords=gaming+laptops&qid=1789820299&sprefix=%2Caps%2C392&sr=8-105&xpid=MMcXVFo9VX50C,https://m.media-amazon.com/images/I/71051XlNymL._AC_UY218_.jpg,4.5,(14),,,,,,,"HP
TPN-Q305
16 inches
Black
1 TB
AMD R Series
16 GB
Windows 11 Home
Backlit Keyboard, Numeric Keypad
Dedicated"
"Alienware 15 Gaming Laptop, RTX 4050, Intel Core 7 240H, Windows 11 Home",https://www.amazon.com/Alienware-Gaming-Laptop-Intel-Windows/dp/B0H5M2WZYC/ref=sr_1_106?crid=3LC9VL11Q1Y6Z&dib=eyJ2IjoiMSJ9.PLJq9iqyI_wGVxx-T4oFEwnGyZE_k5pXIi9a05-jMbntKXcg1DmH4gx-QEHvbYd0BQxhci1k3obNMxLBEEp3xP2Q9yKMX6-LIgXTdz2RvCRv_uCkkEDMJoUqpk0axdel89LniOFU0-pFFx5ZOJP1yJVsuWl4U-uEZKIuU71qBAp8CMaxXb6I0ChVziv5jb1utz6QYDJ55GG35DmKdp2Sh1mLDg9Ou92lZ7H32lubrmw.JENTxaWg_6-HihcfBjS1-pOJmsi8wEuYL_YdBfRhfQQ&dib_tag=se&keywords=gaming+laptops&qid=1789820299&sprefix=%2Caps%2C392&sr=8-106&xpid=MMcXVFo9VX50C,https://m.media-amazon.com/images/I/6118aJlxSfL._AC_UY218_.jpg,,,"PKR 388,042.23","PKR 21,691.72 delivery Sep 28 - 29",Sep 28 - 29,,,,"Alienware
Dell Alienware Da15260 Gaming Laptop
15.3 inches
Black
1 TB
Intel Core 7
16 GB
Windows 11 Home
Backlit Keyboard, Numeric Keypad
Dedicated"
"ASUS TUF Gaming F16 (2025) Gaming Laptop, 16” FHD+ 165Hz 16:10 Display, Intel® Core™ i5 Processor 13450HX, NVIDIA® GeForce RTX™ 5050, 16GB DDR5, 512GB PCIe Gen4 SSD, Wi-Fi 6E, Win 11 Home",https://www.amazon.com/ASUS-TUF-Gaming-Laptop-165Hz/dp/B0FFDDFW47/ref=sr_1_107?crid=3LC9VL11Q1Y6Z&dib=eyJ2IjoiMSJ9.PLJq9iqyI_wGVxx-T4oFEwnGyZE_k5pXIi9a05-jMbntKXcg1DmH4gx-QEHvbYd0BQxhci1k3obNMxLBEEp3xP2Q9yKMX6-LIgXTdz2RvCRv_uCkkEDMJoUqpk0axdel89LniOFU0-pFFx5ZOJP1yJVsuWl4U-uEZKIuU71qBAp8CMaxXb6I0ChVziv5jb1utz6QYDJ55GG35DmKdp2Sh1mLDg9Ou92lZ7H32lubrmw.JENTxaWg_6-HihcfBjS1-pOJmsi8wEuYL_YdBfRhfQQ&dib_tag=se&keywords=gaming+laptops&qid=1789820299&sprefix=%2Caps%2C392&sr=8-107&xpid=MMcXVFo9VX50C,https://m.media-amazon.com/images/I/71cjDQIKaPL._AC_UY218_.jpg,4.5,(121),,,,,,,"ASUS
TUF Gaming A16
16 inches
Jaeger Gray
512 TB
Core i5
16 GB
Windows 11 Home
Dedicated
4.6 GHz"
"Lenovo Legion Pro 7i 16"" WQXGA 240Hz Gaming Laptop, Intel Core Ultra 9 275HX, GeForce RTX 5080 16GB GDDR7, 16GB RAM, 2TB Storage (1TB SSD+1TB Docking Station Set), RGB Backlit Keyboard, Win 11, Black",https://www.amazon.com/Lenovo-Legion-GeForce-Storage-Keyboard/dp/B0GN891P79/ref=sr_1_108?crid=3LC9VL11Q1Y6Z&dib=eyJ2IjoiMSJ9.PLJq9iqyI_wGVxx-T4oFEwnGyZE_k5pXIi9a05-jMbntKXcg1DmH4gx-QEHvbYd0BQxhci1k3obNMxLBEEp3xP2Q9yKMX6-LIgXTdz2RvCRv_uCkkEDMJoUqpk0axdel89LniOFU0-pFFx5ZOJP1yJVsuWl4U-uEZKIuU71qBAp8CMaxXb6I0ChVziv5jb1utz6QYDJ55GG35DmKdp2Sh1mLDg9Ou92lZ7H32lubrmw.JENTxaWg_6-HihcfBjS1-pOJmsi8wEuYL_YdBfRhfQQ&dib_tag=se&keywords=gaming+laptops&qid=1789820299&sprefix=%2Caps%2C392&sr=8-108&xpid=MMcXVFo9VX50C,https://m.media-amazon.com/images/I/81+fFplEN6L._AC_UY218_.jpg,,,,,,,,,"Lenovo
Lenovo Legion
16 inches
Black
1 TB
Intel Core Ultra 9
16 GB
Windows 11 Home
Backlit Keyboard, Numeric Keypad
Dedicated"
"Lenovo Legion Pro 5 16"" WQXGA 240Hz Gaming Laptop, Intel Ultra 9 275HX, GeForce RTX 5070 Ti, 64GB DDR5, 5TB Storage (4TB SSD+1TB Docking Station), 24-Zone RGB Backlit Keyboard, Win 11, Eclipse Black",https://www.amazon.com/Lenovo-Legion-Pro-GeForce-Keyboard/dp/B0HFWK7PQM/ref=sr_1_109?crid=3LC9VL11Q1Y6Z&dib=eyJ2IjoiMSJ9.PLJq9iqyI_wGVxx-T4oFEwnGyZE_k5pXIi9a05-jMbntKXcg1DmH4gx-QEHvbYd0BQxhci1k3obNMxLBEEp3xP2Q9yKMX6-LIgXTdz2RvCRv_uCkkEDMJoUqpk0axdel89LniOFU0-pFFx5ZOJP1yJVsuWl4U-uEZKIuU71qBAp8CMaxXb6I0ChVziv5jb1utz6QYDJ55GG35DmKdp2Sh1mLDg9Ou92lZ7H32lubrmw.JENTxaWg_6-HihcfBjS1-pOJmsi8wEuYL_YdBfRhfQQ&dib_tag=se&keywords=gaming+laptops&qid=1789820299&sprefix=%2Caps%2C392&sr=8-109&xpid=MMcXVFo9VX50C,https://m.media-amazon.com/images/I/81zMj6ySbYL._AC_UY218_.jpg,,,4 sizes,,,,,,"Lenovo
Windows 11 Home
Intel Core Ultra 9
2.7 GHz
Dedicated
NVIDIA GeForce RTX 5070 Ti
4 TB
Gaming
16 inches
64 GB"
"Alienware 16 Aurora Gaming Laptop, NVIDIA RTX 5060, Intel Core 7 240H",https://www.amazon.com/Alienware-16-Aurora-Laptop-AC16250-16-inch/dp/B0FBHXJG7K/ref=sr_1_110?crid=3LC9VL11Q1Y6Z&dib=eyJ2IjoiMSJ9.PLJq9iqyI_wGVxx-T4oFEwnGyZE_k5pXIi9a05-jMbntKXcg1DmH4gx-QEHvbYd0BQxhci1k3obNMxLBEEp3xP2Q9yKMX6-LIgXTdz2RvCRv_uCkkEDMJoUqpk0axdel89LniOFU0-pFFx5ZOJP1yJVsuWl4U-uEZKIuU71qBAp8CMaxXb6I0ChVziv5jb1utz6QYDJ55GG35DmKdp2Sh1mLDg9Ou92lZ7H32lubrmw.JENTxaWg_6-HihcfBjS1-pOJmsi8wEuYL_YdBfRhfQQ&dib_tag=se&keywords=gaming+laptops&qid=1789820299&sprefix=%2Caps%2C392&sr=8-110&xpid=MMcXVFo9VX50C,https://m.media-amazon.com/images/I/71LIpVe8h6L._AC_UY218_.jpg,4.3,(152),3 sizes,,,,,,"Alienware
Windows 11 Home
Intel Core 7
2.5 GHz
24
Dedicated
NVIDIA GeForce RTX 5060
16 GB
Entertainment, Gaming, Student
16 inches"
,,,,,,,,,,,
,,,,,,,,,,,
,,,,,,,,,,,
"ASUS ROG Strix SCAR 18 (2025) Gaming Laptop, 18” ROG Nebula HDR 16:10 2.5K 240Hz/3ms, NVIDIA® GeForce RTX™ 5080, Intel® Core™ Ultra 9 275HX, 32GB DDR5-5600, 2TB PCIe Gen 4 SSD, Wi-Fi 7, Windows 11 Pro",https://www.amazon.com/ASUS-Strix-Gaming-Laptop-Nebula/dp/B0DW29H85Z/ref=sr_1_113?crid=3LC9VL11Q1Y6Z&dib=eyJ2IjoiMSJ9.Nl3KqH_RE4UiWXnH5fM80KpzAVbfZsa9Qqfm-t2vXNX1wH2RCreqSkdp5QWPaphLzr2qIKVYrrbuap1VYOM_Ng1BYg58jhNUpTcbAGg5dNHAkEjlt8bnCoYHpRRVAGvQuSOUTJmlO1sXgk7WpsuLqPAc7ZL3hZg9PwMR6cBDFYX9vBqV4pNyJnWdPZ07VoPv9Sne9NysmyyJmAoyfgT2Ygs1FonTXPWMS9YUyjKHELg.Vj2sTqmXvNTfmGPgVHVSudJe75G9JtBieR4851d7lXQ&dib_tag=se&keywords=gaming+laptops&qid=1789820374&sprefix=%2Caps%2C392&sr=8-113&xpid=MMcXVFo9VX50C,https://m.media-amazon.com/images/I/71GhOCogx0L._AC_UY218_.jpg,3.9,(73),"PKR 942,392.23","PKR 29,962.62 delivery",,,,,"ASUS
ROG Strix SCAR 18
18 inches
Off Black
2 TB
Intel Core Ultra 9
32 GB
Windows 11 Pro
RGB Fans
Dedicated"
"HP Omen 16"" 240Hz Ryzen 9 8940HX & 5060 Gaming Laptop, 32GB DDR5 + 1TB SSD",https://www.amazon.com/HP-240Hz-8940HX-Gaming-Laptop/dp/B0HBPJ36MC/ref=sr_1_114?crid=3LC9VL11Q1Y6Z&dib=eyJ2IjoiMSJ9.Nl3KqH_RE4UiWXnH5fM80KpzAVbfZsa9Qqfm-t2vXNX1wH2RCreqSkdp5QWPaphLzr2qIKVYrrbuap1VYOM_Ng1BYg58jhNUpTcbAGg5dNHAkEjlt8bnCoYHpRRVAGvQuSOUTJmlO1sXgk7WpsuLqPAc7ZL3hZg9PwMR6cBDFYX9vBqV4pNyJnWdPZ07VoPv9Sne9NysmyyJmAoyfgT2Ygs1FonTXPWMS9YUyjKHELg.Vj2sTqmXvNTfmGPgVHVSudJe75G9JtBieR4851d7lXQ&dib_tag=se&keywords=gaming+laptops&qid=1789820374&sprefix=%2Caps%2C392&sr=8-114&xpid=MMcXVFo9VX50C,https://m.media-amazon.com/images/I/7129NF1ZkLL._AC_UY218_.jpg,4.8,(8),,,,,,,"HP
TPN-I144
16 inches
Black
1 TB
AMD R Series
32 GB
Windows 11 Home
Backlit Keyboard, Numeric Keypad
Dedicated"
15.6'' AI Laptop with Office 365 12GB RAM 256GB SSD Win 11 Laptops,https://www.amazon.com/AKCHART-Laptop-Office-256GB-Laptops/dp/B0H94LG15F/ref=sr_1_115?crid=3LC9VL11Q1Y6Z&dib=eyJ2IjoiMSJ9.Nl3KqH_RE4UiWXnH5fM80KpzAVbfZsa9Qqfm-t2vXNX1wH2RCreqSkdp5QWPaphLzr2qIKVYrrbuap1VYOM_Ng1BYg58jhNUpTcbAGg5dNHAkEjlt8bnCoYHpRRVAGvQuSOUTJmlO1sXgk7WpsuLqPAc7ZL3hZg9PwMR6cBDFYX9vBqV4pNyJnWdPZ07VoPv9Sne9NysmyyJmAoyfgT2Ygs1FonTXPWMS9YUyjKHELg.Vj2sTqmXvNTfmGPgVHVSudJe75G9JtBieR4851d7lXQ&dib_tag=se&keywords=gaming+laptops&qid=1789820374&sprefix=%2Caps%2C392&sr=8-115&xpid=MMcXVFo9VX50C,https://m.media-amazon.com/images/I/714TSHAAQrL._AC_UY218_.jpg,4.4,(2.3K),"PKR 91,462.21","PKR 18,274.15 delivery Tue, Sep 29","Tue, Sep 29","PKR155,215.23",,,"AKCHART
M156FH
15.6 inches
Light Gray
256 GB
Celeron
12 GB
Windows 11 Home
HD Audio, Lightweight, Memory Card Slot, Numeric Keypad
Integrated"
,,,,,,,,,,,
,,,,,,,,,,,
"ASUS ROG Strix G16 Gaming Laptop, AMD Ryzen 9-9955HX, 64 GB DDR5 RAM, 4 TB PCIe SSD, 16"" WUXGA (1920x1200) 165Hz Display, Nvidia G-Force RTX 5060, 4-Zone RGB Keyboard, W11 Pro, Eclipse Gray",https://www.amazon.com/ASUS-ROG-Strix-G16-1920x1200/dp/B0FH21MQ2D/ref=sr_1_116?crid=3LC9VL11Q1Y6Z&dib=eyJ2IjoiMSJ9.Nl3KqH_RE4UiWXnH5fM80KpzAVbfZsa9Qqfm-t2vXNX1wH2RCreqSkdp5QWPaphLzr2qIKVYrrbuap1VYOM_Ng1BYg58jhNUpTcbAGg5dNHAkEjlt8bnCoYHpRRVAGvQuSOUTJmlO1sXgk7WpsuLqPAc7ZL3hZg9PwMR6cBDFYX9vBqV4pNyJnWdPZ07VoPv9Sne9NysmyyJmAoyfgT2Ygs1FonTXPWMS9YUyjKHELg.Vj2sTqmXvNTfmGPgVHVSudJe75G9JtBieR4851d7lXQ&dib_tag=se&keywords=gaming+laptops&qid=1789820374&sprefix=%2Caps%2C392&sr=8-116&xpid=MMcXVFo9VX50C,https://m.media-amazon.com/images/I/81TbygUlv1L._AC_UY218_.jpg,3.1,(2),3 capacities,,,,,,"ASUS
ASUS ROG Strix G16 Gaming
16 inches
Eclipse Gray
4 TB
Ryzen 9
64 GB
Windows 11 Pro
Backlit Keyboard
Dedicated"
"Acer Nitro V Gaming Laptop | Intel Core i5-13420H Processor | NVIDIA GeForce RTX 4050 Laptop GPU | 15.6"" FHD IPS 165Hz Display | 8GB DDR5 | 512GB Gen 4 SSD | Wi-Fi 6 | Backlit KB | ANV15-52-586Z",https://www.amazon.com/i5-13420H-Processor-GeForce-Display-ANV15-52-586Z/dp/B0F5KTGDS9/ref=sr_1_117?crid=3LC9VL11Q1Y6Z&dib=eyJ2IjoiMSJ9.Nl3KqH_RE4UiWXnH5fM80KpzAVbfZsa9Qqfm-t2vXNX1wH2RCreqSkdp5QWPaphLzr2qIKVYrrbuap1VYOM_Ng1BYg58jhNUpTcbAGg5dNHAkEjlt8bnCoYHpRRVAGvQuSOUTJmlO1sXgk7WpsuLqPAc7ZL3hZg9PwMR6cBDFYX9vBqV4pNyJnWdPZ07VoPv9Sne9NysmyyJmAoyfgT2Ygs1FonTXPWMS9YUyjKHELg.Vj2sTqmXvNTfmGPgVHVSudJe75G9JtBieR4851d7lXQ&dib_tag=se&keywords=gaming+laptops&qid=1789820374&sprefix=%2Caps%2C392&sr=8-117&xpid=MMcXVFo9VX50C,https://m.media-amazon.com/images/I/71gXelI8upL._AC_UY218_.jpg,4.5,(410),"PKR 263,313.48","PKR 22,356.94 delivery",,,,,"Acer
Nitro V
15.6 inches
Black
512 GB
Core i5
8 GB
Windows 11 Home
Backlit Keyboard, Numeric Keypad
Dedicated"
"GIGABYTE Gaming A16 - Intel i7-13620H GeForce RTX 5060 16"" Laptop",https://www.amazon.com/GIGABYTE-1920x1200-GeForce-i7-13620H-CVHI3US894SH/dp/B0FDMN25CZ/ref=sr_1_118?crid=3LC9VL11Q1Y6Z&dib=eyJ2IjoiMSJ9.Nl3KqH_RE4UiWXnH5fM80KpzAVbfZsa9Qqfm-t2vXNX1wH2RCreqSkdp5QWPaphLzr2qIKVYrrbuap1VYOM_Ng1BYg58jhNUpTcbAGg5dNHAkEjlt8bnCoYHpRRVAGvQuSOUTJmlO1sXgk7WpsuLqPAc7ZL3hZg9PwMR6cBDFYX9vBqV4pNyJnWdPZ07VoPv9Sne9NysmyyJmAoyfgT2Ygs1FonTXPWMS9YUyjKHELg.Vj2sTqmXvNTfmGPgVHVSudJe75G9JtBieR4851d7lXQ&dib_tag=se&keywords=gaming+laptops&qid=1789820374&sprefix=%2Caps%2C392&sr=8-118&xpid=MMcXVFo9VX50C,https://m.media-amazon.com/images/I/81NkQcTxKDL._AC_UY218_.jpg,4.0,(36),,,,,,,"GIGABYTE
GAMING A16 CVHI3US894SH
16 inches
Black Steel
1 TB
Core i7
16 GB
Windows 11 Home
16"" 16:10 IPS WUXGA (1920x1200) 165Hz, 25ms, NTSC 45%, 300nits, 16GB*2 DDR5 5200MHz, 1TB PCIe Gen4 NVMe™ M.2 SSD, Intel® Core™ i7-13620H, NVIDIA® GeForce RTX™ 5060 Laptop GPU
16"" 16:10 IPS WUXGA (1920x1200) 165Hz, 25ms, NTSC 45%, 300nits, 16GB*2 DDR5 5200MHz, 1TB PCIe Gen4 NVMe™ M.2 SSD, Intel® Core™ i7-13620H, NVIDIA® G… 
RTX 5060"
"msi Stealth 16 AI+ 16” 240Hz QHD+ OLED Gaming Laptop: Intel Core Ultra 9 386H, NVIDIA Geforce RTX 5070Ti, 32GB DDR5, 1TB NVMe SSD, Wi-Fi 7, Win 11 Home: Charcoal Black B3WH-036US",https://www.amazon.com/msi-Stealth-240Hz-Gaming-Laptop/dp/B0GVPSK8M7/ref=sr_1_119?crid=3LC9VL11Q1Y6Z&dib=eyJ2IjoiMSJ9.Nl3KqH_RE4UiWXnH5fM80KpzAVbfZsa9Qqfm-t2vXNX1wH2RCreqSkdp5QWPaphLzr2qIKVYrrbuap1VYOM_Ng1BYg58jhNUpTcbAGg5dNHAkEjlt8bnCoYHpRRVAGvQuSOUTJmlO1sXgk7WpsuLqPAc7ZL3hZg9PwMR6cBDFYX9vBqV4pNyJnWdPZ07VoPv9Sne9NysmyyJmAoyfgT2Ygs1FonTXPWMS9YUyjKHELg.Vj2sTqmXvNTfmGPgVHVSudJe75G9JtBieR4851d7lXQ&dib_tag=se&keywords=gaming+laptops&qid=1789820374&sprefix=%2Caps%2C392&sr=8-119&xpid=MMcXVFo9VX50C,https://m.media-amazon.com/images/I/71UUyEKL46L._AC_UY218_.jpg,4.1,(6),"PKR 859,239.73","PKR 23,435.15 delivery Tue, Sep 29","Tue, Sep 29",,,,"msi
Stealth 16 AI+ B3WH-036US
16 inches
Black
1 TB
Intel Core 9
32 GB
Windows 11 Home
Backlit Keyboard
RTX 5070Ti"
"Dell Alienware 18 18"" WQXGA 300Hz Gaming Laptop, Intel Ultra 9 275HX, GeForce RTX 5080 16GB GDDR7, 64GB DDR5, 5TB Storage(4TB SSD+1TB Dock), RGB Backlit Keyboard, FHD Camera, WiFi 7, Win 11 Pro, Teal",https://www.amazon.com/Dell-Alienware-GeForce-Storage-Keyboard/dp/B0HHRZSRZX/ref=sr_1_120?crid=3LC9VL11Q1Y6Z&dib=eyJ2IjoiMSJ9.Nl3KqH_RE4UiWXnH5fM80KpzAVbfZsa9Qqfm-t2vXNX1wH2RCreqSkdp5QWPaphLzr2qIKVYrrbuap1VYOM_Ng1BYg58jhNUpTcbAGg5dNHAkEjlt8bnCoYHpRRVAGvQuSOUTJmlO1sXgk7WpsuLqPAc7ZL3hZg9PwMR6cBDFYX9vBqV4pNyJnWdPZ07VoPv9Sne9NysmyyJmAoyfgT2Ygs1FonTXPWMS9YUyjKHELg.Vj2sTqmXvNTfmGPgVHVSudJe75G9JtBieR4851d7lXQ&dib_tag=se&keywords=gaming+laptops&qid=1789820374&sprefix=%2Caps%2C392&sr=8-120&xpid=MMcXVFo9VX50C,https://m.media-amazon.com/images/I/81VXZQqll3L._AC_UY218_.jpg,5.0,(1),,,,,,,"Dell
Dell Alienware
18 inches
Teal
4 TB
Others
64 GB
Windows 11 Pro
Backlit Keyboard, Numeric Keypad
Dedicated"
"ASUS ROG Strix G18 Gaming Laptop, 18"" 2.5K ROG Nebula 240Hz Display, Intel 24-Core Ultra 9 275HX, GeForce RTX 5070 Ti 12GB GDDR7, 32GB DDR5 RAM, 2T SSD, RGB Keyboard, WiFi 7, Win 11 Pro, W/Accessories",https://www.amazon.com/ASUS-ROG-Strix-G18-Accessories/dp/B0H7RW82KJ/ref=sr_1_121?crid=3LC9VL11Q1Y6Z&dib=eyJ2IjoiMSJ9.Nl3KqH_RE4UiWXnH5fM80KpzAVbfZsa9Qqfm-t2vXNX1wH2RCreqSkdp5QWPaphLzr2qIKVYrrbuap1VYOM_Ng1BYg58jhNUpTcbAGg5dNHAkEjlt8bnCoYHpRRVAGvQuSOUTJmlO1sXgk7WpsuLqPAc7ZL3hZg9PwMR6cBDFYX9vBqV4pNyJnWdPZ07VoPv9Sne9NysmyyJmAoyfgT2Ygs1FonTXPWMS9YUyjKHELg.Vj2sTqmXvNTfmGPgVHVSudJe75G9JtBieR4851d7lXQ&dib_tag=se&keywords=gaming+laptops&qid=1789820374&sprefix=%2Caps%2C392&sr=8-121&xpid=MMcXVFo9VX50C,https://m.media-amazon.com/images/I/71ZSJ26am+L._AC_UY218_.jpg,5.0,(7),,,,,,,"ASUS
ASUS ROG Strix G18
18 inches
Eclipse Gray
2 TB
Intel Core Ultra 9
32 GB
Windows 11 Pro
Backlit Keyboard
Dedicated"
"Acer Predator Helios Neo 16S AI Gaming Laptop, 16’’ WQXGA 240HZ OLED, Intel 24-Core Ultra 9 275HX, RTX 5060 DLSS4, 16GB DDR5 512GB SSD, Killer WiFi 6E, Thunderbolt 4, RJ 45, Win 11 Pro with Accessory",https://www.amazon.com/Acer-Predator-24-Core-Thunderbolt-Accessory/dp/B0H29YW98K/ref=sr_1_122?crid=3LC9VL11Q1Y6Z&dib=eyJ2IjoiMSJ9.Nl3KqH_RE4UiWXnH5fM80KpzAVbfZsa9Qqfm-t2vXNX1wH2RCreqSkdp5QWPaphLzr2qIKVYrrbuap1VYOM_Ng1BYg58jhNUpTcbAGg5dNHAkEjlt8bnCoYHpRRVAGvQuSOUTJmlO1sXgk7WpsuLqPAc7ZL3hZg9PwMR6cBDFYX9vBqV4pNyJnWdPZ07VoPv9Sne9NysmyyJmAoyfgT2Ygs1FonTXPWMS9YUyjKHELg.Vj2sTqmXvNTfmGPgVHVSudJe75G9JtBieR4851d7lXQ&dib_tag=se&keywords=gaming+laptops&qid=1789820374&sprefix=%2Caps%2C392&sr=8-122&xpid=MMcXVFo9VX50C,https://m.media-amazon.com/images/I/71vW7mqm1dL._AC_UY218_.jpg,5.0,(2),,,,,,,"Acer
Predator
16 inches
Obsidian Black
512 GB
Intel Core Ultra 9
16 GB
Windows 11 Pro
Backlit Keyboard, HD Audio, Memory Card Slot, Numeric Keypad
Dedicated"
"Acer Predator Helios Neo 14 AI Gaming Laptop | Intel Core Ultra 7 Processor 255H | NVIDIA GeForce RTX 5060 (572 AI Tops) | 14.5"" WQXGA 165Hz G-SYNC Matte Display | 16GB RAM | 1TB SSD | PHN14-71-760T",https://www.amazon.com/Predator-Processor-GeForce-Display-PHN14-71-760T/dp/B0FT9SKCF2/ref=sr_1_123?crid=3LC9VL11Q1Y6Z&dib=eyJ2IjoiMSJ9.Nl3KqH_RE4UiWXnH5fM80KpzAVbfZsa9Qqfm-t2vXNX1wH2RCreqSkdp5QWPaphLzr2qIKVYrrbuap1VYOM_Ng1BYg58jhNUpTcbAGg5dNHAkEjlt8bnCoYHpRRVAGvQuSOUTJmlO1sXgk7WpsuLqPAc7ZL3hZg9PwMR6cBDFYX9vBqV4pNyJnWdPZ07VoPv9Sne9NysmyyJmAoyfgT2Ygs1FonTXPWMS9YUyjKHELg.Vj2sTqmXvNTfmGPgVHVSudJe75G9JtBieR4851d7lXQ&dib_tag=se&keywords=gaming+laptops&qid=1789820374&sprefix=%2Caps%2C392&sr=8-123&xpid=MMcXVFo9VX50C,https://m.media-amazon.com/images/I/71E1ivDAXJL._AC_UY218_.jpg,5.0,(1),,,,,,,"Acer
Predator Helios Neo 14 AI
14.5 inches
Black
1 TB
Intel Core Ultra 7
16 GB
Windows 11 Home
Backlit Keyboard, Memory Card Slot
Dedicated"
"NIMO 15.6"" IPS FHD-Light Gaming-Laptop,AMD Ryzen 5 6600H 16GB DDR5 RAM 256GB SSD (Beat i5-1335U, 6 Cores Up to 4.5GHz) AMD Radeon 660M GPU-Computer with 100W Type-C Backlit Keyboard Fingerprint",https://www.amazon.com/NIMO-FHD-Light-Gaming-Laptop-GPU-Computer-Fingerprint/dp/B0GMX7V89Q/ref=sr_1_124?crid=3LC9VL11Q1Y6Z&dib=eyJ2IjoiMSJ9.Nl3KqH_RE4UiWXnH5fM80KpzAVbfZsa9Qqfm-t2vXNX1wH2RCreqSkdp5QWPaphLzr2qIKVYrrbuap1VYOM_Ng1BYg58jhNUpTcbAGg5dNHAkEjlt8bnCoYHpRRVAGvQuSOUTJmlO1sXgk7WpsuLqPAc7ZL3hZg9PwMR6cBDFYX9vBqV4pNyJnWdPZ07VoPv9Sne9NysmyyJmAoyfgT2Ygs1FonTXPWMS9YUyjKHELg.Vj2sTqmXvNTfmGPgVHVSudJe75G9JtBieR4851d7lXQ&dib_tag=se&keywords=gaming+laptops&qid=1789820374&sprefix=%2Caps%2C392&sr=8-124&xpid=MMcXVFo9VX50C,https://m.media-amazon.com/images/I/71hC8lDqP2L._AC_UY218_.jpg,4.4,(18),,,,,,,"NIMO
NIMO N153
15.6 inches
Red
256 GB
Ryzen 5
16 GB
Windows 11
Backlit Keyboard, Fingerprint Reader, HD Audio, Numeric Keypad
Dedicated"
"NIMO 15.6 FHD AI Ready Gaming Laptop, 8 Cores AMD R7 16GB DDR5 512GB SSD",https://www.amazon.com/NIMO-FHD-Business-Laptop-Radeon-780M-Creators-Professionals/dp/B0G51Y15JM/ref=sr_1_125?crid=3LC9VL11Q1Y6Z&dib=eyJ2IjoiMSJ9.Nl3KqH_RE4UiWXnH5fM80KpzAVbfZsa9Qqfm-t2vXNX1wH2RCreqSkdp5QWPaphLzr2qIKVYrrbuap1VYOM_Ng1BYg58jhNUpTcbAGg5dNHAkEjlt8bnCoYHpRRVAGvQuSOUTJmlO1sXgk7WpsuLqPAc7ZL3hZg9PwMR6cBDFYX9vBqV4pNyJnWdPZ07VoPv9Sne9NysmyyJmAoyfgT2Ygs1FonTXPWMS9YUyjKHELg.Vj2sTqmXvNTfmGPgVHVSudJe75G9JtBieR4851d7lXQ&dib_tag=se&keywords=gaming+laptops&qid=1789820374&sprefix=%2Caps%2C392&sr=8-125&xpid=MMcXVFo9VX50C,https://m.media-amazon.com/images/I/718D7iGeEhL._AC_UY218_.jpg,4.5,(22),,,,,,,"NIMO
NIMO N159
15.6 inches
Rose Gold
512 GB
AMD Ryzen 7
16 GB
Windows 11
Backlit Keyboard, Fingerprint Reader, HD Audio, Numeric Keypad
Integrated"
"GIGABYTE Gaming A16 - Intel i7-13620H GeForce RTX 5070 16"" Laptop",https://www.amazon.com/GIGABYTE-1920x1200-GeForce-i7-13620H-CWHI3US864SH/dp/B0FDM3M1WF/ref=sr_1_126?crid=3LC9VL11Q1Y6Z&dib=eyJ2IjoiMSJ9.Nl3KqH_RE4UiWXnH5fM80KpzAVbfZsa9Qqfm-t2vXNX1wH2RCreqSkdp5QWPaphLzr2qIKVYrrbuap1VYOM_Ng1BYg58jhNUpTcbAGg5dNHAkEjlt8bnCoYHpRRVAGvQuSOUTJmlO1sXgk7WpsuLqPAc7ZL3hZg9PwMR6cBDFYX9vBqV4pNyJnWdPZ07VoPv9Sne9NysmyyJmAoyfgT2Ygs1FonTXPWMS9YUyjKHELg.Vj2sTqmXvNTfmGPgVHVSudJe75G9JtBieR4851d7lXQ&dib_tag=se&keywords=gaming+laptops&qid=1789820374&sprefix=%2Caps%2C392&sr=8-126&xpid=MMcXVFo9VX50C,https://m.media-amazon.com/images/I/81NkQcTxKDL._AC_UY218_.jpg,4.1,(85),,,,,,,
,,,,,,,,,,,
,,,,,,,,,,,
,,,,,,,,,,,
"NAIKLULU Laptop Computer, Win 11 Pro Lap Top, 15.6 Inch Laptop PC 2026, 16GB RAM 256GB SSD, M3-6Y30 Processor, FHD Display 1920 * 1080P, WIFI5, BT4.2, 5000mAh Battery, for School Business Student",https://www.amazon.com/sspa/click?ie=UTF8&spc=MTo3NjUwODg3NDYxODQwODY1OjE3ODk4MjA0NTU6c3BfYXRmX25leHQ6MzAxNTMwNjQyODI2NDAyOjowOjo&url=%2FNAIKLULU-Computer-M3-6Y30-Processor-Business%2Fdp%2FB0GY8JG1P1%2Fref%3Dsr_1_129_sspa%3Fcrid%3D3LC9VL11Q1Y6Z%26dib%3DeyJ2IjoiMSJ9.LSv-OUROLwDziXtNdnRjzdGh-s6by15B6m6ILEe4J7eTX8nS08tZ_bjbYuIqz0uI0XPooMvCqusmsILFxCL6hcLqv1IBpLLr99uOwpGtDm5pwhAFJDZpUYBj17yFte_82YCaW9Df3U2H22EzWIjrS5hU7PnxPB_ofY5xAcTHGAMMFkjDNhtG2ikgJHFKAHDGKi9uWulyLI4V6CZ2t_9Li0osS7n8qon5C9nBp_zAbag.Pma76vspx2yJzGC-K0-pnxDiPgLufxE8f8SBAZdxRR0%26dib_tag%3Dse%26keywords%3Dgaming%2Blaptops%26qid%3D1789820455%26sprefix%3D%252Caps%252C392%26sr%3D8-129-spons%26xpid%3DMMcXVFo9VX50C%26sp_csd%3Dd2lkZ2V0TmFtZT1zcF9hdGZfbmV4dA%26psc%3D1,https://m.media-amazon.com/images/I/71owJtHwgEL._AC_UY218_.jpg,3.2,(18),"PKR 97,008.48","PKR 18,152.19 delivery Tue, Sep 29","Tue, Sep 29",,,,
"Samsung Galaxy Book6 Enterprise Edition 14.0"", Intel® Core™ Ultra 7 355",https://www.amazon.com/sspa/click?ie=UTF8&spc=MTo3NjUwODg3NDYxODQwODY1OjE3ODk4MjA0NTU6c3BfYXRmX25leHQ6MzAxNDgzNDI4NDY3NDAyOjowOjo&url=%2FSamsung-Galaxy-Enterprise-Intel%25C2%25AE-CoreTM%2Fdp%2FB0H1CZMLDT%2Fref%3Dsr_1_130_sspa%3Fcrid%3D3LC9VL11Q1Y6Z%26dib%3DeyJ2IjoiMSJ9.LSv-OUROLwDziXtNdnRjzdGh-s6by15B6m6ILEe4J7eTX8nS08tZ_bjbYuIqz0uI0XPooMvCqusmsILFxCL6hcLqv1IBpLLr99uOwpGtDm5pwhAFJDZpUYBj17yFte_82YCaW9Df3U2H22EzWIjrS5hU7PnxPB_ofY5xAcTHGAMMFkjDNhtG2ikgJHFKAHDGKi9uWulyLI4V6CZ2t_9Li0osS7n8qon5C9nBp_zAbag.Pma76vspx2yJzGC-K0-pnxDiPgLufxE8f8SBAZdxRR0%26dib_tag%3Dse%26keywords%3Dgaming%2Blaptops%26qid%3D1789820455%26sprefix%3D%252Caps%252C392%26sr%3D8-130-spons%26xpid%3DMMcXVFo9VX50C%26sp_csd%3Dd2lkZ2V0TmFtZT1zcF9hdGZfbmV4dA%26psc%3D1,https://m.media-amazon.com/images/I/61-I9ls9TuL._AC_UY218_.jpg,,,2 capacities,"PKR 17,875.02 delivery Tue, Sep 29","Tue, Sep 29",,,,
"NIMO 15.6"" IPS FHD-Light Gaming-Laptop,AMD Ryzen 5 6600H 16GB DDR5 RAM 512GB SSD (Beat i5-1335U, 6 Cores Up to 4.5GHz) AMD Radeon 660M GPU-Computer with 100W Type-C Backlit Keyboard Fingerprint",https://www.amazon.com/NIMO-FHD-Light-Gaming-Laptop-GPU-Computer-Fingerprint/dp/B0GMWSNH67/ref=sr_1_131?crid=3LC9VL11Q1Y6Z&dib=eyJ2IjoiMSJ9.LSv-OUROLwDziXtNdnRjzdGh-s6by15B6m6ILEe4J7eTX8nS08tZ_bjbYuIqz0uI0XPooMvCqusmsILFxCL6hcLqv1IBpLLr99uOwpGtDm5pwhAFJDZpUYBj17yFte_82YCaW9Df3U2H22EzWIjrS5hU7PnxPB_ofY5xAcTHGAMMFkjDNhtG2ikgJHFKAHDGKi9uWulyLI4V6CZ2t_9Li0osS7n8qon5C9nBp_zAbag.Pma76vspx2yJzGC-K0-pnxDiPgLufxE8f8SBAZdxRR0&dib_tag=se&keywords=gaming+laptops&qid=1789820455&sprefix=%2Caps%2C392&sr=8-131&xpid=MMcXVFo9VX50C,https://m.media-amazon.com/images/I/71A08eAxvBL._AC_UY218_.jpg,3.4,(10),,,,,,,"NIMO
NIMO N153
15.6 inches
Black
512 GB
Ryzen 5
16 GB
Windows 11
Backlit Keyboard, Fingerprint Reader, HD Audio, Numeric Keypad
Integrated"
"msi Vector 16 HX AI 16"" QHD+ 240Hz Gaming Laptop, Intel Ultra 9 275HX, NVIDIA GeForce RTX 5080 16GB GDDR7, 32GB DDR5, 2TB Storage (1TB SSD+1TB Docking Station), Backlit Keyboard, Win 11 Pro, Gray",https://www.amazon.com/msi-Vector-GeForce-Storage-Keyboard/dp/B0HGQTG3T3/ref=sr_1_132?crid=3LC9VL11Q1Y6Z&dib=eyJ2IjoiMSJ9.LSv-OUROLwDziXtNdnRjzdGh-s6by15B6m6ILEe4J7eTX8nS08tZ_bjbYuIqz0uI0XPooMvCqusmsILFxCL6hcLqv1IBpLLr99uOwpGtDm5pwhAFJDZpUYBj17yFte_82YCaW9Df3U2H22EzWIjrS5hU7PnxPB_ofY5xAcTHGAMMFkjDNhtG2ikgJHFKAHDGKi9uWulyLI4V6CZ2t_9Li0osS7n8qon5C9nBp_zAbag.Pma76vspx2yJzGC-K0-pnxDiPgLufxE8f8SBAZdxRR0&dib_tag=se&keywords=gaming+laptops&qid=1789820455&sprefix=%2Caps%2C392&sr=8-132&xpid=MMcXVFo9VX50C,https://m.media-amazon.com/images/I/81KlGzALsaL._AC_UY218_.jpg,5.0,(1),5 capacities,,,,,,"msi
MSI Vector
16 inches
Gray
1 TB
Intel Core Ultra 9
32 GB
Windows 11 Pro
Backlit Keyboard, Numeric Keypad
Dedicated"
"NIMO 15.6 FHD AI Laptop, 32GB 5600MHz DDR5 1TB SSD Ryzen 7 8745HS 8 Core",https://www.amazon.com/NIMO-Laptop-5600MHz-Ryzen-8745HS/dp/B0GN23SP34/ref=sr_1_133?crid=3LC9VL11Q1Y6Z&dib=eyJ2IjoiMSJ9.LSv-OUROLwDziXtNdnRjzdGh-s6by15B6m6ILEe4J7eTX8nS08tZ_bjbYuIqz0uI0XPooMvCqusmsILFxCL6hcLqv1IBpLLr99uOwpGtDm5pwhAFJDZpUYBj17yFte_82YCaW9Df3U2H22EzWIjrS5hU7PnxPB_ofY5xAcTHGAMMFkjDNhtG2ikgJHFKAHDGKi9uWulyLI4V6CZ2t_9Li0osS7n8qon5C9nBp_zAbag.Pma76vspx2yJzGC-K0-pnxDiPgLufxE8f8SBAZdxRR0&dib_tag=se&keywords=gaming+laptops&qid=1789820455&sprefix=%2Caps%2C392&sr=8-133&xpid=MMcXVFo9VX50C,https://m.media-amazon.com/images/I/71Afmk2gHEL._AC_UY218_.jpg,4.5,(166),,,,,,,"NIMO
NIMO N158
15.6 inches
Blue
1024 GB
AMD Ryzen 7
32 GB
Windows 11
Backlit Keyboard, Fingerprint Reader, HD Audio, Numeric Keypad
Integrated"
,https://www.amazon.com/sspa/click?ie=UTF8&spc=MTo1MzMyMjAwOTU2NTA3MzUxOjE3ODk4MjA0NTU6c3Bfc2VhcmNoX3RoZW1hdGljOjMwMTUyNzYxMDU0MzcwMjo6MDo6&url=%2FAOC-Portable-Monitor-External-Speakers%2Fdp%2FB0HG1KV2TC%2Fref%3Dsxin_12_pa_sp_search_thematic_sspa%3Fcontent-id%3Damzn1.sym.2e371caa-83a8-406e-8977-674dceafe6a4%253Aamzn1.sym.2e371caa-83a8-406e-8977-674dceafe6a4%26crid%3D3LC9VL11Q1Y6Z%26cv_ct_cx%3Dgaming%2Blaptops%26keywords%3Dgaming%2Blaptops%26pd_rd_i%3DB0HG1KV2TC%26pd_rd_r%3D4dabbea0-d1fc-41fb-acd2-39beea3d9132%26pd_rd_w%3DEOBKk%26pd_rd_wg%3D0mWGO%26pf_rd_p%3D2e371caa-83a8-406e-8977-674dceafe6a4%26pf_rd_r%3D9TPG52T0KTAV86QDQA9A%26qid%3D1789820455%26sbo%3DRZvfv%252F%252FHxDF%252BO5021pAnSA%253D%253D%26sprefix%3D%252Caps%252C392%26sr%3D1-129-c4665559-580b-4e9c-a3c3-882a93badabc-spons%26xpid%3DMMcXVFo9VX50C%26aref%3D9PtIJCYUCD%26sp_csd%3Dd2lkZ2V0TmFtZT1zcF9zZWFyY2hfdGhlbWF0aWM%26psc%3D1&aref=9PtIJCYUCD,,4.6,(4.7K),"PKR 33,230.51","PKR 15,843.32 delivery Tue, Sep 29","Tue, Sep 29","PKR2,768.98",,,
,,,,,,,,,,,
"msi Titan 18 HX AI 18"" 240Hz MiniLED UHD+ Gaming Laptop: Intel Ultra 9-290HX, NVIDIA Geforce RTX 5090, 64GB DDR5, 4TB NVMe SSD, Thunderbolt 5, Wi-Fi 7, Win 11 Pro: Black A2WJ-1258US",https://www.amazon.com/msi-Titan-MiniLED-Gaming-Laptop/dp/B0GXWWNG6F/ref=sr_1_134?crid=3LC9VL11Q1Y6Z&dib=eyJ2IjoiMSJ9.LSv-OUROLwDziXtNdnRjzdGh-s6by15B6m6ILEe4J7eTX8nS08tZ_bjbYuIqz0uI0XPooMvCqusmsILFxCL6hcLqv1IBpLLr99uOwpGtDm5pwhAFJDZpUYBj17yFte_82YCaW9Df3U2H22EzWIjrS5hU7PnxPB_ofY5xAcTHGAMMFkjDNhtG2ikgJHFKAHDGKi9uWulyLI4V6CZ2t_9Li0osS7n8qon5C9nBp_zAbag.Pma76vspx2yJzGC-K0-pnxDiPgLufxE8f8SBAZdxRR0&dib_tag=se&keywords=gaming+laptops&qid=1789820455&sprefix=%2Caps%2C392&sr=8-134&xpid=MMcXVFo9VX50C,https://m.media-amazon.com/images/I/712N6JcMQeL._AC_UY218_.jpg,3.0,(2),"PKR 1,856,795.32","PKR 32,936.71 delivery Tue, Sep 29","Tue, Sep 29",,,,
"ASUS TUF Gaming F16 (2024) Gaming Laptop, 16” FHD+ 144Hz IPS-Level 16:10 Display, Intel® Core™ i7-13620H Processor, NVIDIA® GeForce RTX™ 4050, 16GB DDR5, 512GB PCIe Gen4 SSD, Wi-Fi 6, Win 11 Home",https://www.amazon.com/ASUS-Gaming-Laptop-144Hz-IPS-Level/dp/B0F1BZQ7G5/ref=sr_1_135?crid=3LC9VL11Q1Y6Z&dib=eyJ2IjoiMSJ9.LSv-OUROLwDziXtNdnRjzdGh-s6by15B6m6ILEe4J7eTX8nS08tZ_bjbYuIqz0uI0XPooMvCqusmsILFxCL6hcLqv1IBpLLr99uOwpGtDm5pwhAFJDZpUYBj17yFte_82YCaW9Df3U2H22EzWIjrS5hU7PnxPB_ofY5xAcTHGAMMFkjDNhtG2ikgJHFKAHDGKi9uWulyLI4V6CZ2t_9Li0osS7n8qon5C9nBp_zAbag.Pma76vspx2yJzGC-K0-pnxDiPgLufxE8f8SBAZdxRR0&dib_tag=se&keywords=gaming+laptops&qid=1789820455&sprefix=%2Caps%2C392&sr=8-135&xpid=MMcXVFo9VX50C,https://m.media-amazon.com/images/I/71ZEi4fMrzL._AC_UY218_.jpg,5.0,(1),"PKR 362,614.19","PKR 23,033.24 delivery Tue, Sep 29","Tue, Sep 29",,,,"ASUS
FX607VU-DS73
16 inches
Mecha Gray
512 GB
Core i7
16 GB
Windows 11 Home
Backlit Keyboard
Dedicated"
ASUS ROG Strix G18 Gaming Laptop Intel Ultra 9 275HX RTX 5070 Ti 64GB 4TB,https://www.amazon.com/ASUS-Strix-Gaming-Laptop-Intel/dp/B0H9LJVD9C/ref=sr_1_136?crid=3LC9VL11Q1Y6Z&dib=eyJ2IjoiMSJ9.LSv-OUROLwDziXtNdnRjzdGh-s6by15B6m6ILEe4J7eTX8nS08tZ_bjbYuIqz0uI0XPooMvCqusmsILFxCL6hcLqv1IBpLLr99uOwpGtDm5pwhAFJDZpUYBj17yFte_82YCaW9Df3U2H22EzWIjrS5hU7PnxPB_ofY5xAcTHGAMMFkjDNhtG2ikgJHFKAHDGKi9uWulyLI4V6CZ2t_9Li0osS7n8qon5C9nBp_zAbag.Pma76vspx2yJzGC-K0-pnxDiPgLufxE8f8SBAZdxRR0&dib_tag=se&keywords=gaming+laptops&qid=1789820455&sprefix=%2Caps%2C392&sr=8-136&xpid=MMcXVFo9VX50C,https://m.media-amazon.com/images/I/71dM1vrHHEL._AC_UY218_.jpg,5.0,(5),,,,,,,
"acer Nitro V Gaming Laptop, 15.6"" FHD IPS Display, 165Hz, Intel i5-13420H, NVIDIA GeForce RTX 5050 with 8GB GDDR7 VRAM, 16GB RAM, 512GB SSD, BK, Win11H, Obsidian Black, TWE Accessories",https://www.amazon.com/Display-Intel-i5-13420H-Obsidian-Accessories/dp/B0GF72D43F/ref=sr_1_137?crid=3LC9VL11Q1Y6Z&dib=eyJ2IjoiMSJ9.LSv-OUROLwDziXtNdnRjzdGh-s6by15B6m6ILEe4J7eTX8nS08tZ_bjbYuIqz0uI0XPooMvCqusmsILFxCL6hcLqv1IBpLLr99uOwpGtDm5pwhAFJDZpUYBj17yFte_82YCaW9Df3U2H22EzWIjrS5hU7PnxPB_ofY5xAcTHGAMMFkjDNhtG2ikgJHFKAHDGKi9uWulyLI4V6CZ2t_9Li0osS7n8qon5C9nBp_zAbag.Pma76vspx2yJzGC-K0-pnxDiPgLufxE8f8SBAZdxRR0&dib_tag=se&keywords=gaming+laptops&qid=1789820455&sprefix=%2Caps%2C392&sr=8-137&xpid=MMcXVFo9VX50C,https://m.media-amazon.com/images/I/511ZSYTouSL._AC_UY218_.jpg,4.5,(33),5 capacities,,,,,,
"NIMO 17.3"" Light Gaming Laptop, AMD Ryzen 7 7735HS, 16GB DDR5 512GB RAM",https://www.amazon.com/NIMO-Light-Gaming-Laptop-7735HS/dp/B0H2GVWV8K/ref=sr_1_138?crid=3LC9VL11Q1Y6Z&dib=eyJ2IjoiMSJ9.LSv-OUROLwDziXtNdnRjzdGh-s6by15B6m6ILEe4J7eTX8nS08tZ_bjbYuIqz0uI0XPooMvCqusmsILFxCL6hcLqv1IBpLLr99uOwpGtDm5pwhAFJDZpUYBj17yFte_82YCaW9Df3U2H22EzWIjrS5hU7PnxPB_ofY5xAcTHGAMMFkjDNhtG2ikgJHFKAHDGKi9uWulyLI4V6CZ2t_9Li0osS7n8qon5C9nBp_zAbag.Pma76vspx2yJzGC-K0-pnxDiPgLufxE8f8SBAZdxRR0&dib_tag=se&keywords=gaming+laptops&qid=1789820455&sprefix=%2Caps%2C392&sr=8-138&xpid=MMcXVFo9VX50C,https://m.media-amazon.com/images/I/71ePkbMUQDL._AC_UY218_.jpg,4.4,(26),,,,,,,"NIMO
NIMO N179
17.3 inches
Black
512 GB
AMD Ryzen 7
16 GB
Windows 11
Backlit Keyboard, Fingerprint Reader, HD Audio, Numeric Keypad
Integrated"
200W Laptop Charger Compatible with ASUS ROG Strix G15 G17 G513 G713 G733,https://www.amazon.com/sspa/click?ie=UTF8&spc=MTo3NjUwODg3NDYxODQwODY1OjE3ODk4MjA0NTU6c3BfbXRmOjMwMTQ1OTI2MzEzNjEwMjo6MDo6&url=%2FCharger-Compatible-Zephyrus-Zenbook-ADP-200JB%2Fdp%2FB0FNWTV8PW%2Fref%3Dsr_1_139_sspa%3Fcrid%3D3LC9VL11Q1Y6Z%26dib%3DeyJ2IjoiMSJ9.LSv-OUROLwDziXtNdnRjzdGh-s6by15B6m6ILEe4J7eTX8nS08tZ_bjbYuIqz0uI0XPooMvCqusmsILFxCL6hcLqv1IBpLLr99uOwpGtDm5pwhAFJDZpUYBj17yFte_82YCaW9Df3U2H22EzWIjrS5hU7PnxPB_ofY5xAcTHGAMMFkjDNhtG2ikgJHFKAHDGKi9uWulyLI4V6CZ2t_9Li0osS7n8qon5C9nBp_zAbag.Pma76vspx2yJzGC-K0-pnxDiPgLufxE8f8SBAZdxRR0%26dib_tag%3Dse%26keywords%3Dgaming%2Blaptops%26qid%3D1789820455%26sprefix%3D%252Caps%252C392%26sr%3D8-139-spons%26xpid%3DMMcXVFo9VX50C%26sp_csd%3Dd2lkZ2V0TmFtZT1zcF9tdGY%26psc%3D1,https://m.media-amazon.com/images/I/71dLAiQsRIL._AC_UY218_.jpg,4.9,(16),"PKR 8,004.81","PKR 13,007.82 delivery Tue, Sep 29","Tue, Sep 29",,,,
300W Slim 20V 15A AC Adapter Replacement for Lenovo Gaming Laptop Charger,https://www.amazon.com/sspa/click?ie=UTF8&spc=MTo3NjUwODg3NDYxODQwODY1OjE3ODk4MjA0NTU6c3BfbXRmOjMwMTIyMjU4MDQxMDYwMjo6MDo6&url=%2FCharger-Replacement-16IRX8H-ThinkPad-ADL300SDC3A%2Fdp%2FB0FWXN5SDD%2Fref%3Dsr_1_140_sspa%3Fcrid%3D3LC9VL11Q1Y6Z%26dib%3DeyJ2IjoiMSJ9.LSv-OUROLwDziXtNdnRjzdGh-s6by15B6m6ILEe4J7eTX8nS08tZ_bjbYuIqz0uI0XPooMvCqusmsILFxCL6hcLqv1IBpLLr99uOwpGtDm5pwhAFJDZpUYBj17yFte_82YCaW9Df3U2H22EzWIjrS5hU7PnxPB_ofY5xAcTHGAMMFkjDNhtG2ikgJHFKAHDGKi9uWulyLI4V6CZ2t_9Li0osS7n8qon5C9nBp_zAbag.Pma76vspx2yJzGC-K0-pnxDiPgLufxE8f8SBAZdxRR0%26dib_tag%3Dse%26keywords%3Dgaming%2Blaptops%26qid%3D1789820455%26sprefix%3D%252Caps%252C392%26sr%3D8-140-spons%26xpid%3DMMcXVFo9VX50C%26sp_csd%3Dd2lkZ2V0TmFtZT1zcF9tdGY%26psc%3D1,https://m.media-amazon.com/images/I/71H2Xes3ZKL._AC_UY218_.jpg,4.5,(10),"PKR 11,053.74","PKR 13,503.97 delivery Tue, Sep 29","Tue, Sep 29",,,,
"HP Victus 15.6 i5 Gaming Laptop, 15.6"" FHD 1920*1080 144Hz, Intel Core i5-12450H, NVIDIA GeForce RTX 3050, 32GB RAM, 1TB SSD, Backlit KB, Touchpad, SD Card Reader, Webcam, HDMI, Wi-Fi 6, W11 H, Blue",https://www.amazon.com/HP-i5-12450H-GeForce-Backlit-Touchpad/dp/B0D845LL5R/ref=sr_1_141?crid=3LC9VL11Q1Y6Z&dib=eyJ2IjoiMSJ9.LSv-OUROLwDziXtNdnRjzdGh-s6by15B6m6ILEe4J7eTX8nS08tZ_bjbYuIqz0uI0XPooMvCqusmsILFxCL6hcLqv1IBpLLr99uOwpGtDm5pwhAFJDZpUYBj17yFte_82YCaW9Df3U2H22EzWIjrS5hU7PnxPB_ofY5xAcTHGAMMFkjDNhtG2ikgJHFKAHDGKi9uWulyLI4V6CZ2t_9Li0osS7n8qon5C9nBp_zAbag.Pma76vspx2yJzGC-K0-pnxDiPgLufxE8f8SBAZdxRR0&dib_tag=se&keywords=gaming+laptops&qid=1789820455&sprefix=%2Caps%2C392&sr=8-141&xpid=MMcXVFo9VX50C,https://m.media-amazon.com/images/I/71DHV9GZSOL._AC_UY218_.jpg,4.3,(479),"PKR 321,520.23","PKR 21,361.88 delivery Tue, Sep 29","Tue, Sep 29",,,,
"HP Victus Gaming Laptop 15.6"" FHD IPS 144Hz Intel 8-core i5-13420H (>i7-12650H) 32GB RAM 2TB SSD GeForce RTX 4050 6GB Backlit Type-C B&O Fast Charge Win11Pro ICP Accessory",https://www.amazon.com/HP-i5-13420H-i7-12650H-Win11Pro-Accessory/dp/B0FPWPZ6CK/ref=sr_1_142?crid=3LC9VL11Q1Y6Z&dib=eyJ2IjoiMSJ9.LSv-OUROLwDziXtNdnRjzdGh-s6by15B6m6ILEe4J7eTX8nS08tZ_bjbYuIqz0uI0XPooMvCqusmsILFxCL6hcLqv1IBpLLr99uOwpGtDm5pwhAFJDZpUYBj17yFte_82YCaW9Df3U2H22EzWIjrS5hU7PnxPB_ofY5xAcTHGAMMFkjDNhtG2ikgJHFKAHDGKi9uWulyLI4V6CZ2t_9Li0osS7n8qon5C9nBp_zAbag.Pma76vspx2yJzGC-K0-pnxDiPgLufxE8f8SBAZdxRR0&dib_tag=se&keywords=gaming+laptops&qid=1789820455&sprefix=%2Caps%2C392&sr=8-142&xpid=MMcXVFo9VX50C,https://m.media-amazon.com/images/I/71HLVvkt7-L._AC_UY218_.jpg,,,6 capacities,,,,,,
"NIMO 17.3"" FHD IPS Gaming Laptop, AMD Ryzen 7 Computer (Up to 4.75 GHz, Beat i7-12650H) with 16GB DDR5 RAM 1TB SSD Radeon 680M GPU 2-Yr Warranty 180° View Multifuntional for Business Creator Student",https://www.amazon.com/NIMO-Computer-i7-12650H-Warranty-Multifuntional/dp/B0H6WRPM5D/ref=sr_1_145?crid=3LC9VL11Q1Y6Z&dib=eyJ2IjoiMSJ9.LSv-OUROLwDziXtNdnRjzdGh-s6by15B6m6ILEe4J7eTX8nS08tZ_bjbYuIqz0uI0XPooMvCqusmsILFxCL6hcLqv1IBpLLr99uOwpGtDm5pwhAFJDZpUYBj17yFte_82YCaW9Df3U2H22EzWIjrS5hU7PnxPB_ofY5xAcTHGAMMFkjDNhtG2ikgJHFKAHDGKi9uWulyLI4V6CZ2t_9Li0osS7n8qon5C9nBp_zAbag.Pma76vspx2yJzGC-K0-pnxDiPgLufxE8f8SBAZdxRR0&dib_tag=se&keywords=gaming+laptops&qid=1789820455&sprefix=%2Caps%2C392&sr=8-145&xpid=MMcXVFo9VX50C,https://m.media-amazon.com/images/I/71kt58Rm2XL._AC_UY218_.jpg,4.7,(31),,,,,,,
"Lenovo LOQ RTX 5060 Gaming Laptop, 15.6"" FHD 144Hz NVIDIA G-Sync Display, AMD Ryzen 7 250, NVIDIA GeForce RTX 5060, 32GB DDR5 RAM, 1TB SSD, 5MP Privacy Camera, Ethernet (RJ45), Backlit KB, Win 11 Pro",https://www.amazon.com/Lenovo-Display-GeForce-Privacy-Ethernet/dp/B0GMRFMWB6/ref=sr_1_146?crid=3LC9VL11Q1Y6Z&dib=eyJ2IjoiMSJ9.LSv-OUROLwDziXtNdnRjzdGh-s6by15B6m6ILEe4J7eTX8nS08tZ_bjbYuIqz0uI0XPooMvCqusmsILFxCL6hcLqv1IBpLLr99uOwpGtDm5pwhAFJDZpUYBj17yFte_82YCaW9Df3U2H22EzWIjrS5hU7PnxPB_ofY5xAcTHGAMMFkjDNhtG2ikgJHFKAHDGKi9uWulyLI4V6CZ2t_9Li0osS7n8qon5C9nBp_zAbag.Pma76vspx2yJzGC-K0-pnxDiPgLufxE8f8SBAZdxRR0&dib_tag=se&keywords=gaming+laptops&qid=1789820455&sprefix=%2Caps%2C392&sr=8-146&xpid=MMcXVFo9VX50C,https://m.media-amazon.com/images/I/71+VS14REEL._AC_UY218_.jpg,4.0,(1),,,,,,,
"NIMO Light Gaming Laptop 15.6"", AMD Ryzen 7 8745HS (Beat 4.9GHz, 8C/16T)",https://www.amazon.com/NIMO-Gaming-Laptop-8745HS-4-9GHz/dp/B0GWJV13G7/ref=sr_1_147?crid=3LC9VL11Q1Y6Z&dib=eyJ2IjoiMSJ9.LSv-OUROLwDziXtNdnRjzdGh-s6by15B6m6ILEe4J7eTX8nS08tZ_bjbYuIqz0uI0XPooMvCqusmsILFxCL6hcLqv1IBpLLr99uOwpGtDm5pwhAFJDZpUYBj17yFte_82YCaW9Df3U2H22EzWIjrS5hU7PnxPB_ofY5xAcTHGAMMFkjDNhtG2ikgJHFKAHDGKi9uWulyLI4V6CZ2t_9Li0osS7n8qon5C9nBp_zAbag.Pma76vspx2yJzGC-K0-pnxDiPgLufxE8f8SBAZdxRR0&dib_tag=se&keywords=gaming+laptops&qid=1789820455&sprefix=%2Caps%2C392&sr=8-147&xpid=MMcXVFo9VX50C,https://m.media-amazon.com/images/I/71ZDg4+A+VL._AC_UY218_.jpg,4.5,(63),,,,,,,
"15.6'' AI Laptop with Office 365, 6GB RAM 128GB SSD",https://www.amazon.com/MELIUNA-15-6-Laptop-Office-128GB/dp/B0HG9P3CJT/ref=sr_1_148?crid=3LC9VL11Q1Y6Z&dib=eyJ2IjoiMSJ9.LSv-OUROLwDziXtNdnRjzdGh-s6by15B6m6ILEe4J7eTX8nS08tZ_bjbYuIqz0uI0XPooMvCqusmsILFxCL6hcLqv1IBpLLr99uOwpGtDm5pwhAFJDZpUYBj17yFte_82YCaW9Df3U2H22EzWIjrS5hU7PnxPB_ofY5xAcTHGAMMFkjDNhtG2ikgJHFKAHDGKi9uWulyLI4V6CZ2t_9Li0osS7n8qon5C9nBp_zAbag.Pma76vspx2yJzGC-K0-pnxDiPgLufxE8f8SBAZdxRR0&dib_tag=se&keywords=gaming+laptops&qid=1789820455&sprefix=%2Caps%2C392&sr=8-148&xpid=MMcXVFo9VX50C,https://m.media-amazon.com/images/I/711KQJBO1aL._AC_UY218_.jpg,4.6,(14),"PKR 72,059.96","PKR 18,282.46 delivery Tue, Sep 29","Tue, Sep 29","PKR121,954.23",,,
"HDMI Cable V2.0 with Ethernet, Ultra HD 3D/4K@60Hz, 6.6 Feet, 18Gbps Transmission Speed, HDR, Dolby Atmos, Compatible with All HDMI Devices Laptop Desktop TV Set-top Box Gaming Console",https://www.amazon.com/sspa/click?ie=UTF8&spc=MTo3NjUwODg3NDYxODQwODY1OjE3ODk4MjA0NTU6c3BfYnRmOjMwMTQxMzI5NjA2MDYwMjo6MDo6&url=%2FWozoyo-Ethernet-Transmission-Compatible-Devices%2Fdp%2FB0GS9DY6Y3%2Fref%3Dsr_1_149_sspa%3Fcrid%3D3LC9VL11Q1Y6Z%26dib%3DeyJ2IjoiMSJ9.LSv-OUROLwDziXtNdnRjzdGh-s6by15B6m6ILEe4J7eTX8nS08tZ_bjbYuIqz0uI0XPooMvCqusmsILFxCL6hcLqv1IBpLLr99uOwpGtDm5pwhAFJDZpUYBj17yFte_82YCaW9Df3U2H22EzWIjrS5hU7PnxPB_ofY5xAcTHGAMMFkjDNhtG2ikgJHFKAHDGKi9uWulyLI4V6CZ2t_9Li0osS7n8qon5C9nBp_zAbag.Pma76vspx2yJzGC-K0-pnxDiPgLufxE8f8SBAZdxRR0%26dib_tag%3Dse%26keywords%3Dgaming%2Blaptops%26qid%3D1789820455%26sprefix%3D%252Caps%252C392%26sr%3D8-149-spons%26xpid%3DMMcXVFo9VX50C%26sp_csd%3Dd2lkZ2V0TmFtZT1zcF9idGY%26psc%3D1,https://m.media-amazon.com/images/I/61LPu77wejL._AC_UY218_.jpg,4.6,(25),"PKR 2,380.93","PKR 11,486.13 delivery Tue, Sep 29","Tue, Sep 29","PKR2,768.98",,,
"65W Super Fast Charger Type C for Samsung,3 Port 100W PD Quick Charging 3.0 USB C Block & 3/6/10/10FT Braided Type C Cord for Samsung Galaxy S26 Ultra/S26/S25 Ultra/iPhone 17 Pro/MacBook Pro/Air",https://www.amazon.com/sspa/click?ie=UTF8&spc=MTo3NjUwODg3NDYxODQwODY1OjE3ODk4MjA0NTU6c3BfYnRmOjMwMTIzMTQxNzc0NjAwMjo6MDo6&url=%2FCharger-Samsung-Charging-Braided-MacBook%2Fdp%2FB0GHBWLJK1%2Fref%3Dsr_1_150_sspa%3Fcrid%3D3LC9VL11Q1Y6Z%26dib%3DeyJ2IjoiMSJ9.LSv-OUROLwDziXtNdnRjzdGh-s6by15B6m6ILEe4J7eTX8nS08tZ_bjbYuIqz0uI0XPooMvCqusmsILFxCL6hcLqv1IBpLLr99uOwpGtDm5pwhAFJDZpUYBj17yFte_82YCaW9Df3U2H22EzWIjrS5hU7PnxPB_ofY5xAcTHGAMMFkjDNhtG2ikgJHFKAHDGKi9uWulyLI4V6CZ2t_9Li0osS7n8qon5C9nBp_zAbag.Pma76vspx2yJzGC-K0-pnxDiPgLufxE8f8SBAZdxRR0%26dib_tag%3Dse%26keywords%3Dgaming%2Blaptops%26qid%3D1789820455%26sprefix%3D%252Caps%252C392%26sr%3D8-150-spons%26xpid%3DMMcXVFo9VX50C%26sp_csd%3Dd2lkZ2V0TmFtZT1zcF9idGY%26psc%3D1,https://m.media-amazon.com/images/I/81uwLyz-cJL._AC_UY218_.jpg,4.6,(1.1K),"PKR 9,975.53","PKR 12,176.30 delivery Tue, Sep 29","Tue, Sep 29","PKR1,663.05",,,
,https://www.amazon.com/sspa/click?ie=UTF8&spc=MTo4NDEwMjgzNTMzMDQ4MTQ5OjE3ODk4MjA0NTU6c3Bfc2VhcmNoX3RoZW1hdGljX2J0ZjozMDE1Mjc2MTA1NDM3MDI6OjA6Og&url=%2FAOC-Portable-Monitor-External-Speakers%2Fdp%2FB0HG1KV2TC%2Fref%3Dsxbs_pa_sp_search_thematic_btf_sspa%3Fcontent-id%3Damzn1.sym.2fa0bf97-28e9-4900-9b17-5084270e6a7e%253Aamzn1.sym.2fa0bf97-28e9-4900-9b17-5084270e6a7e%26crid%3D3LC9VL11Q1Y6Z%26cv_ct_cx%3Dgaming%2Blaptops%26keywords%3Dgaming%2Blaptops%26pd_rd_i%3DB0HG1KV2TC%26pd_rd_r%3Dedae2826-7b54-4e02-a7b0-864b0cf8f747%26pd_rd_w%3DiQkYN%26pd_rd_wg%3D6BGJq%26pf_rd_p%3D2fa0bf97-28e9-4900-9b17-5084270e6a7e%26pf_rd_r%3D9TPG52T0KTAV86QDQA9A%26qid%3D1789820455%26sbo%3DRZvfv%252F%252FHxDF%252BO5021pAnSA%253D%253D%26sprefix%3D%252Caps%252C392%26sr%3D1-129-00f96236-6fb3-4e90-80da-273d1668ad7d-spons%26xpid%3DMMcXVFo9VX50C%26aref%3D9PtIJCYUCD%26sp_csd%3Dd2lkZ2V0TmFtZT1zcF9zZWFyY2hfdGhlbWF0aWNfYnRm%26psc%3D1&aref=9PtIJCYUCD,,4.6,(4.7K),"PKR 33,230.51","PKR 15,843.32 delivery Tue, Sep 29","Tue, Sep 29","PKR1,663.05",,,
,,,,,,,,,,,
,,,,,,,,,,,
,,,,,,,,,,,
